id,type_id:id,profile_type,gost,size_label,mass_per_meter,du,outer_mm,wall_mm
profile_арматура_d5_5,pmk_calc.ptype_арматура,Арматура,ГОСТ 34028-2016,d5.5,0.187,,,
profile_арматура_d6,pmk_calc.ptype_арматура,Арматура,ГОСТ 34028-2016,d6,0.222,,,
profile_арматура_d8,pmk_calc.ptype_арматура,Арматура,ГОСТ 34028-2016,d8,0.395,,,
profile_арматура_d10,pmk_calc.ptype_арматура,Арматура,ГОСТ 34028-2016,d10,0.617,,,
profile_арматура_d12,pmk_calc.ptype_арматура,Арматура,ГОСТ 34028-2016,d12,0.888,,,
profile_арматура_d14,pmk_calc.ptype_арматура,Арматура,ГОСТ 34028-2016,d14,1.208,,,
profile_арматура_d16,pmk_calc.ptype_арматура,Арматура,ГОСТ 34028-2016,d16,1.578,,,
profile_арматура_d18,pmk_calc.ptype_арматура,Арматура,ГОСТ 34028-2016,d18,1.998,,,
profile_арматура_d20,pmk_calc.ptype_арматура,Арматура,ГОСТ 34028-2016,d20,2.466,,,
profile_арматура_d22,pmk_calc.ptype_арматура,Арматура,ГОСТ 34028-2016,d22,2.984,,,
profile_арматура_d25,pmk_calc.ptype_арматура,Арматура,ГОСТ 34028-2016,d25,3.853,,,
profile_арматура_d28,pmk_calc.ptype_арматура,Арматура,ГОСТ 34028-2016,d28,4.834,,,
profile_арматура_d32,pmk_calc.ptype_арматура,Арматура,ГОСТ 34028-2016,d32,6.313,,,
profile_арматура_d36,pmk_calc.ptype_арматура,Арматура,ГОСТ 34028-2016,d36,7.99,,,
profile_арматура_d40,pmk_calc.ptype_арматура,Арматура,ГОСТ 34028-2016,d40,9.865,,,
profile_двутавр_10б1,pmk_calc.ptype_двутавр,Двутавр,ГОСТ Р 57837-2017,10Б1,8.1,,,
profile_двутавр_12б1,pmk_calc.ptype_двутавр,Двутавр,ГОСТ Р 57837-2017,12Б1,8.7,,,
profile_двутавр_12б2,pmk_calc.ptype_двутавр,Двутавр,ГОСТ Р 57837-2017,12Б2,10.4,,,
profile_двутавр_14б1,pmk_calc.ptype_двутавр,Двутавр,ГОСТ Р 57837-2017,14Б1,10.5,,,
profile_двутавр_14б2,pmk_calc.ptype_двутавр,Двутавр,ГОСТ Р 57837-2017,14Б2,12.9,,,
profile_двутавр_16б1,pmk_calc.ptype_двутавр,Двутавр,ГОСТ Р 57837-2017,16Б1,12.7,,,
profile_двутавр_16б2,pmk_calc.ptype_двутавр,Двутавр,ГОСТ Р 57837-2017,16Б2,15.8,,,
profile_двутавр_18б1,pmk_calc.ptype_двутавр,Двутавр,ГОСТ Р 57837-2017,18Б1,15.4,,,
profile_двутавр_18б2,pmk_calc.ptype_двутавр,Двутавр,ГОСТ Р 57837-2017,18Б2,18.8,,,
profile_двутавр_20б0,pmk_calc.ptype_двутавр,Двутавр,ГОСТ Р 57837-2017,20Б0,18.2,,,
profile_двутавр_20б1,pmk_calc.ptype_двутавр,Двутавр,ГОСТ Р 57837-2017,20Б1,21.3,,,
profile_двутавр_20б2,pmk_calc.ptype_двутавр,Двутавр,ГОСТ Р 57837-2017,20Б2,25.3,,,
profile_двутавр_20б3,pmk_calc.ptype_двутавр,Двутавр,ГОСТ Р 57837-2017,20Б3,31.6,,,
profile_двутавр_25б1,pmk_calc.ptype_двутавр,Двутавр,ГОСТ Р 57837-2017,25Б1,25.7,,,
profile_двутавр_25б2,pmk_calc.ptype_двутавр,Двутавр,ГОСТ Р 57837-2017,25Б2,29.6,,,
profile_двутавр_25б3,pmk_calc.ptype_двутавр,Двутавр,ГОСТ Р 57837-2017,25Б3,37.4,,,
profile_двутавр_25б4,pmk_calc.ptype_двутавр,Двутавр,ГОСТ Р 57837-2017,25Б4,45.3,,,
profile_двутавр_30б1,pmk_calc.ptype_двутавр,Двутавр,ГОСТ Р 57837-2017,30Б1,32.0,,,
profile_двутавр_30б2,pmk_calc.ptype_двутавр,Двутавр,ГОСТ Р 57837-2017,30Б2,36.7,,,
profile_двутавр_30б3,pmk_calc.ptype_двутавр,Двутавр,ГОСТ Р 57837-2017,30Б3,46.1,,,
profile_двутавр_30б4,pmk_calc.ptype_двутавр,Двутавр,ГОСТ Р 57837-2017,30Б4,55.6,,,
profile_двутавр_35б1,pmk_calc.ptype_двутавр,Двутавр,ГОСТ Р 57837-2017,35Б1,41.4,,,
profile_двутавр_35б2,pmk_calc.ptype_двутавр,Двутавр,ГОСТ Р 57837-2017,35Б2,49.6,,,
profile_двутавр_35б3,pmk_calc.ptype_двутавр,Двутавр,ГОСТ Р 57837-2017,35Б3,60.5,,,
profile_двутавр_35б4,pmk_calc.ptype_двутавр,Двутавр,ГОСТ Р 57837-2017,35Б4,72.9,,,
profile_двутавр_40б1,pmk_calc.ptype_двутавр,Двутавр,ГОСТ Р 57837-2017,40Б1,56.6,,,
profile_двутавр_40б2,pmk_calc.ptype_двутавр,Двутавр,ГОСТ Р 57837-2017,40Б2,66.0,,,
profile_двутавр_40б3,pmk_calc.ptype_двутавр,Двутавр,ГОСТ Р 57837-2017,40Б3,80.1,,,
profile_двутавр_40б4,pmk_calc.ptype_двутавр,Двутавр,ГОСТ Р 57837-2017,40Б4,94.3,,,
profile_двутавр_45б1,pmk_calc.ptype_двутавр,Двутавр,ГОСТ Р 57837-2017,45Б1,66.2,,,
profile_двутавр_45б2,pmk_calc.ptype_двутавр,Двутавр,ГОСТ Р 57837-2017,45Б2,76.0,,,
profile_двутавр_45б3,pmk_calc.ptype_двутавр,Двутавр,ГОСТ Р 57837-2017,45Б3,90.6,,,
profile_двутавр_45б4,pmk_calc.ptype_двутавр,Двутавр,ГОСТ Р 57837-2017,45Б4,105.4,,,
profile_двутавр_50б1,pmk_calc.ptype_двутавр,Двутавр,ГОСТ Р 57837-2017,50Б1,72.5,,,
profile_двутавр_50б2,pmk_calc.ptype_двутавр,Двутавр,ГОСТ Р 57837-2017,50Б2,79.5,,,
profile_двутавр_50б3,pmk_calc.ptype_двутавр,Двутавр,ГОСТ Р 57837-2017,50Б3,89.7,,,
profile_двутавр_50б4,pmk_calc.ptype_двутавр,Двутавр,ГОСТ Р 57837-2017,50Б4,109.9,,,
profile_двутавр_55б1,pmk_calc.ptype_двутавр,Двутавр,ГОСТ Р 57837-2017,55Б1,89.0,,,
profile_двутавр_55б2,pmk_calc.ptype_двутавр,Двутавр,ГОСТ Р 57837-2017,55Б2,97.9,,,
profile_двутавр_55б3,pmk_calc.ptype_двутавр,Двутавр,ГОСТ Р 57837-2017,55Б3,116.7,,,
profile_двутавр_60б1,pmk_calc.ptype_двутавр,Двутавр,ГОСТ Р 57837-2017,60Б1,94.6,,,
profile_двутавр_60б2,pmk_calc.ptype_двутавр,Двутавр,ГОСТ Р 57837-2017,60Б2,105.5,,,
profile_двутавр_60б3,pmk_calc.ptype_двутавр,Двутавр,ГОСТ Р 57837-2017,60Б3,118.8,,,
profile_двутавр_70б1,pmk_calc.ptype_двутавр,Двутавр,ГОСТ Р 57837-2017,70Б1,129.3,,,
profile_двутавр_70б2,pmk_calc.ptype_двутавр,Двутавр,ГОСТ Р 57837-2017,70Б2,146.8,,,
profile_двутавр_70б3,pmk_calc.ptype_двутавр,Двутавр,ГОСТ Р 57837-2017,70Б3,165.1,,,
profile_двутавр_20ш1,pmk_calc.ptype_двутавр,Двутавр,ГОСТ Р 57837-2017,20Ш1,30.6,,,
profile_двутавр_25ш1,pmk_calc.ptype_двутавр,Двутавр,ГОСТ Р 57837-2017,25Ш1,44.2,,,
profile_двутавр_25ш2,pmk_calc.ptype_двутавр,Двутавр,ГОСТ Р 57837-2017,25Ш2,53.8,,,
profile_двутавр_30ш1,pmk_calc.ptype_двутавр,Двутавр,ГОСТ Р 57837-2017,30Ш1,56.8,,,
profile_двутавр_30ш2,pmk_calc.ptype_двутавр,Двутавр,ГОСТ Р 57837-2017,30Ш2,68.6,,,
profile_двутавр_30ш3,pmk_calc.ptype_двутавр,Двутавр,ГОСТ Р 57837-2017,30Ш3,82.9,,,
profile_двутавр_35ш1,pmk_calc.ptype_двутавр,Двутавр,ГОСТ Р 57837-2017,35Ш1,65.3,,,
profile_двутавр_35ш2,pmk_calc.ptype_двутавр,Двутавр,ГОСТ Р 57837-2017,35Ш2,79.7,,,
profile_двутавр_35ш3,pmk_calc.ptype_двутавр,Двутавр,ГОСТ Р 57837-2017,35Ш3,98.9,,,
profile_двутавр_40ш1,pmk_calc.ptype_двутавр,Двутавр,ГОСТ Р 57837-2017,40Ш1,88.6,,,
profile_двутавр_40ш2,pmk_calc.ptype_двутавр,Двутавр,ГОСТ Р 57837-2017,40Ш2,106.7,,,
profile_двутавр_40ш3,pmk_calc.ptype_двутавр,Двутавр,ГОСТ Р 57837-2017,40Ш3,129.4,,,
profile_двутавр_45ш1,pmk_calc.ptype_двутавр,Двутавр,ГОСТ Р 57837-2017,45Ш1,123.6,,,
profile_двутавр_50ш1,pmk_calc.ptype_двутавр,Двутавр,ГОСТ Р 57837-2017,50Ш1,114.2,,,
profile_двутавр_50ш2,pmk_calc.ptype_двутавр,Двутавр,ГОСТ Р 57837-2017,50Ш2,138.4,,,
profile_двутавр_50ш3,pmk_calc.ptype_двутавр,Двутавр,ГОСТ Р 57837-2017,50Ш3,156.1,,,
profile_двутавр_60ш1,pmk_calc.ptype_двутавр,Двутавр,ГОСТ Р 57837-2017,60Ш1,137.0,,,
profile_двутавр_60ш2,pmk_calc.ptype_двутавр,Двутавр,ГОСТ Р 57837-2017,60Ш2,170.7,,,
profile_двутавр_60ш3,pmk_calc.ptype_двутавр,Двутавр,ГОСТ Р 57837-2017,60Ш3,198.1,,,
profile_двутавр_70ш1,pmk_calc.ptype_двутавр,Двутавр,ГОСТ Р 57837-2017,70Ш1,166.0,,,
profile_двутавр_70ш2,pmk_calc.ptype_двутавр,Двутавр,ГОСТ Р 57837-2017,70Ш2,190.4,,,
profile_двутавр_70ш3,pmk_calc.ptype_двутавр,Двутавр,ГОСТ Р 57837-2017,70Ш3,226.9,,,
profile_двутавр_15к1,pmk_calc.ptype_двутавр,Двутавр,ГОСТ Р 57837-2017,15К1,26.8,,,
profile_двутавр_15к2,pmk_calc.ptype_двутавр,Двутавр,ГОСТ Р 57837-2017,15К2,31.5,,,
profile_двутавр_20к1,pmk_calc.ptype_двутавр,Двутавр,ГОСТ Р 57837-2017,20К1,41.4,,,
profile_двутавр_20к2,pmk_calc.ptype_двутавр,Двутавр,ГОСТ Р 57837-2017,20К2,49.9,,,
profile_двутавр_20к3,pmk_calc.ptype_двутавр,Двутавр,ГОСТ Р 57837-2017,20К3,57.8,,,
profile_двутавр_25к1,pmk_calc.ptype_двутавр,Двутавр,ГОСТ Р 57837-2017,25К1,62.6,,,
profile_двутавр_25к2,pmk_calc.ptype_двутавр,Двутавр,ГОСТ Р 57837-2017,25К2,72.4,,,
profile_двутавр_25к3,pmk_calc.ptype_двутавр,Двутавр,ГОСТ Р 57837-2017,25К3,80.2,,,
profile_двутавр_30к1,pmk_calc.ptype_двутавр,Двутавр,ГОСТ Р 57837-2017,30К1,87.0,,,
profile_двутавр_30к2,pmk_calc.ptype_двутавр,Двутавр,ГОСТ Р 57837-2017,30К2,94.0,,,
profile_двутавр_30к3,pmk_calc.ptype_двутавр,Двутавр,ГОСТ Р 57837-2017,30К3,105.8,,,
profile_двутавр_35к1,pmk_calc.ptype_двутавр,Двутавр,ГОСТ Р 57837-2017,35К1,109.1,,,
profile_двутавр_35к2,pmk_calc.ptype_двутавр,Двутавр,ГОСТ Р 57837-2017,35К2,136.5,,,
profile_двутавр_35к3,pmk_calc.ptype_двутавр,Двутавр,ГОСТ Р 57837-2017,35К3,154.2,,,
profile_двутавр_40к1,pmk_calc.ptype_двутавр,Двутавр,ГОСТ Р 57837-2017,40К1,146.7,,,
profile_двутавр_40к2,pmk_calc.ptype_двутавр,Двутавр,ГОСТ Р 57837-2017,40К2,171.7,,,
profile_двутавр_40к3,pmk_calc.ptype_двутавр,Двутавр,ГОСТ Р 57837-2017,40К3,200.1,,,
profile_двутавр_40к4,pmk_calc.ptype_двутавр,Двутавр,ГОСТ Р 57837-2017,40К4,231.9,,,
profile_двутавр_40к5,pmk_calc.ptype_двутавр,Двутавр,ГОСТ Р 57837-2017,40К5,290.8,,,
profile_швеллер_5у,pmk_calc.ptype_швеллер,Швеллер,ГОСТ 8240-97,5У,4.84,,,
profile_швеллер_6_5у,pmk_calc.ptype_швеллер,Швеллер,ГОСТ 8240-97,6.5У,5.9,,,
profile_швеллер_8у,pmk_calc.ptype_швеллер,Швеллер,ГОСТ 8240-97,8У,7.05,,,
profile_швеллер_10у,pmk_calc.ptype_швеллер,Швеллер,ГОСТ 8240-97,10У,8.59,,,
profile_швеллер_12у,pmk_calc.ptype_швеллер,Швеллер,ГОСТ 8240-97,12У,10.4,,,
profile_швеллер_14у,pmk_calc.ptype_швеллер,Швеллер,ГОСТ 8240-97,14У,12.3,,,
profile_швеллер_16у,pmk_calc.ptype_швеллер,Швеллер,ГОСТ 8240-97,16У,14.2,,,
profile_швеллер_16ау,pmk_calc.ptype_швеллер,Швеллер,ГОСТ 8240-97,16аУ,15.3,,,
profile_швеллер_18у,pmk_calc.ptype_швеллер,Швеллер,ГОСТ 8240-97,18У,16.3,,,
profile_швеллер_18ау,pmk_calc.ptype_швеллер,Швеллер,ГОСТ 8240-97,18аУ,17.4,,,
profile_швеллер_20у,pmk_calc.ptype_швеллер,Швеллер,ГОСТ 8240-97,20У,18.4,,,
profile_швеллер_22у,pmk_calc.ptype_швеллер,Швеллер,ГОСТ 8240-97,22У,21.0,,,
profile_швеллер_24у,pmk_calc.ptype_швеллер,Швеллер,ГОСТ 8240-97,24У,24.0,,,
profile_швеллер_27у,pmk_calc.ptype_швеллер,Швеллер,ГОСТ 8240-97,27У,27.7,,,
profile_швеллер_30у,pmk_calc.ptype_швеллер,Швеллер,ГОСТ 8240-97,30У,31.8,,,
profile_швеллер_33у,pmk_calc.ptype_швеллер,Швеллер,ГОСТ 8240-97,33У,36.5,,,
profile_швеллер_36у,pmk_calc.ptype_швеллер,Швеллер,ГОСТ 8240-97,36У,41.9,,,
profile_швеллер_40у,pmk_calc.ptype_швеллер,Швеллер,ГОСТ 8240-97,40У,48.3,,,
profile_швеллер_5п,pmk_calc.ptype_швеллер,Швеллер,ГОСТ 8240-97,5П,4.84,,,
profile_швеллер_6_5п,pmk_calc.ptype_швеллер,Швеллер,ГОСТ 8240-97,6.5П,5.9,,,
profile_швеллер_8п,pmk_calc.ptype_швеллер,Швеллер,ГОСТ 8240-97,8П,7.05,,,
profile_швеллер_10п,pmk_calc.ptype_швеллер,Швеллер,ГОСТ 8240-97,10П,8.59,,,
profile_швеллер_12п,pmk_calc.ptype_швеллер,Швеллер,ГОСТ 8240-97,12П,10.4,,,
profile_швеллер_14п,pmk_calc.ptype_швеллер,Швеллер,ГОСТ 8240-97,14П,12.3,,,
profile_швеллер_16п,pmk_calc.ptype_швеллер,Швеллер,ГОСТ 8240-97,16П,14.2,,,
profile_швеллер_16ап,pmk_calc.ptype_швеллер,Швеллер,ГОСТ 8240-97,16аП,15.3,,,
profile_швеллер_18п,pmk_calc.ptype_швеллер,Швеллер,ГОСТ 8240-97,18П,16.3,,,
profile_швеллер_18ап,pmk_calc.ptype_швеллер,Швеллер,ГОСТ 8240-97,18аП,17.4,,,
profile_швеллер_20п,pmk_calc.ptype_швеллер,Швеллер,ГОСТ 8240-97,20П,18.4,,,
profile_швеллер_22п,pmk_calc.ptype_швеллер,Швеллер,ГОСТ 8240-97,22П,21.0,,,
profile_швеллер_24п,pmk_calc.ptype_швеллер,Швеллер,ГОСТ 8240-97,24П,24.0,,,
profile_швеллер_27п,pmk_calc.ptype_швеллер,Швеллер,ГОСТ 8240-97,27П,27.7,,,
profile_швеллер_30п,pmk_calc.ptype_швеллер,Швеллер,ГОСТ 8240-97,30П,31.8,,,
profile_швеллер_33п,pmk_calc.ptype_швеллер,Швеллер,ГОСТ 8240-97,33П,36.5,,,
profile_швеллер_36п,pmk_calc.ptype_швеллер,Швеллер,ГОСТ 8240-97,36П,41.9,,,
profile_швеллер_40п,pmk_calc.ptype_швеллер,Швеллер,ГОСТ 8240-97,40П,48.3,,,
profile_швеллер_5э,pmk_calc.ptype_швеллер,Швеллер,ГОСТ 8240-97,5Э,4.79,,,
profile_швеллер_6_5э,pmk_calc.ptype_швеллер,Швеллер,ГОСТ 8240-97,6.5Э,5.82,,,
profile_швеллер_8э,pmk_calc.ptype_швеллер,Швеллер,ГОСТ 8240-97,8Э,6.92,,,
profile_швеллер_10э,pmk_calc.ptype_швеллер,Швеллер,ГОСТ 8240-97,10Э,8.47,,,
profile_швеллер_12э,pmk_calc.ptype_швеллер,Швеллер,ГОСТ 8240-97,12Э,10.24,,,
profile_швеллер_14э,pmk_calc.ptype_швеллер,Швеллер,ГОСТ 8240-97,14Э,12.15,,,
profile_швеллер_16э,pmk_calc.ptype_швеллер,Швеллер,ГОСТ 8240-97,16Э,14.01,,,
profile_швеллер_18э,pmk_calc.ptype_швеллер,Швеллер,ГОСТ 8240-97,18Э,16.01,,,
profile_швеллер_20э,pmk_calc.ptype_швеллер,Швеллер,ГОСТ 8240-97,20Э,18.07,,,
profile_швеллер_22э,pmk_calc.ptype_швеллер,Швеллер,ГОСТ 8240-97,22Э,20.69,,,
profile_швеллер_24э,pmk_calc.ptype_швеллер,Швеллер,ГОСТ 8240-97,24Э,23.69,,,
profile_швеллер_27э,pmk_calc.ptype_швеллер,Швеллер,ГОСТ 8240-97,27Э,27.37,,,
profile_швеллер_30э,pmk_calc.ptype_швеллер,Швеллер,ГОСТ 8240-97,30Э,31.35,,,
profile_швеллер_12л,pmk_calc.ptype_швеллер,Швеллер,ГОСТ 8240-97,12Л,5.03,,,
profile_швеллер_14л,pmk_calc.ptype_швеллер,Швеллер,ГОСТ 8240-97,14Л,6.21,,,
profile_швеллер_16л,pmk_calc.ptype_швеллер,Швеллер,ГОСТ 8240-97,16Л,7.12,,,
profile_швеллер_18л,pmk_calc.ptype_швеллер,Швеллер,ГОСТ 8240-97,18Л,8.5,,,
profile_швеллер_20л,pmk_calc.ptype_швеллер,Швеллер,ГОСТ 8240-97,20Л,10.12,,,
profile_швеллер_22л,pmk_calc.ptype_швеллер,Швеллер,ГОСТ 8240-97,22Л,11.87,,,
profile_швеллер_24л,pmk_calc.ptype_швеллер,Швеллер,ГОСТ 8240-97,24Л,13.67,,,
profile_швеллер_27л,pmk_calc.ptype_швеллер,Швеллер,ГОСТ 8240-97,27Л,16.31,,,
profile_швеллер_30л,pmk_calc.ptype_швеллер,Швеллер,ГОСТ 8240-97,30Л,19.08,,,
profile_уголок_равнополочный_20x20x3,pmk_calc.ptype_уголок_равнополочный,Уголок равнополочный,ГОСТ 8509-93,20x20x3,0.89,,,
profile_уголок_равнополочный_20x20x4,pmk_calc.ptype_уголок_равнополочный,Уголок равнополочный,ГОСТ 8509-93,20x20x4,1.15,,,
profile_уголок_равнополочный_25x25x3,pmk_calc.ptype_уголок_равнополочный,Уголок равнополочный,ГОСТ 8509-93,25x25x3,1.12,,,
profile_уголок_равнополочный_25x25x4,pmk_calc.ptype_уголок_равнополочный,Уголок равнополочный,ГОСТ 8509-93,25x25x4,1.46,,,
profile_уголок_равнополочный_25x25x5,pmk_calc.ptype_уголок_равнополочный,Уголок равнополочный,ГОСТ 8509-93,25x25x5,1.78,,,
profile_уголок_равнополочный_28x28x3,pmk_calc.ptype_уголок_равнополочный,Уголок равнополочный,ГОСТ 8509-93,28x28x3,1.27,,,
profile_уголок_равнополочный_30x30x3,pmk_calc.ptype_уголок_равнополочный,Уголок равнополочный,ГОСТ 8509-93,30x30x3,1.36,,,
profile_уголок_равнополочный_30x30x4,pmk_calc.ptype_уголок_равнополочный,Уголок равнополочный,ГОСТ 8509-93,30x30x4,1.78,,,
profile_уголок_равнополочный_30x30x5,pmk_calc.ptype_уголок_равнополочный,Уголок равнополочный,ГОСТ 8509-93,30x30x5,2.18,,,
profile_уголок_равнополочный_32x32x3,pmk_calc.ptype_уголок_равнополочный,Уголок равнополочный,ГОСТ 8509-93,32x32x3,1.46,,,
profile_уголок_равнополочный_32x32x4,pmk_calc.ptype_уголок_равнополочный,Уголок равнополочный,ГОСТ 8509-93,32x32x4,1.91,,,
profile_уголок_равнополочный_35x35x3,pmk_calc.ptype_уголок_равнополочный,Уголок равнополочный,ГОСТ 8509-93,35x35x3,1.6,,,
profile_уголок_равнополочный_35x35x4,pmk_calc.ptype_уголок_равнополочный,Уголок равнополочный,ГОСТ 8509-93,35x35x4,2.1,,,
profile_уголок_равнополочный_35x35x5,pmk_calc.ptype_уголок_равнополочный,Уголок равнополочный,ГОСТ 8509-93,35x35x5,2.58,,,
profile_уголок_равнополочный_40x40x3,pmk_calc.ptype_уголок_равнополочный,Уголок равнополочный,ГОСТ 8509-93,40x40x3,1.85,,,
profile_уголок_равнополочный_40x40x4,pmk_calc.ptype_уголок_равнополочный,Уголок равнополочный,ГОСТ 8509-93,40x40x4,2.42,,,
profile_уголок_равнополочный_40x40x5,pmk_calc.ptype_уголок_равнополочный,Уголок равнополочный,ГОСТ 8509-93,40x40x5,2.98,,,
profile_уголок_равнополочный_40x40x6,pmk_calc.ptype_уголок_равнополочный,Уголок равнополочный,ГОСТ 8509-93,40x40x6,3.52,,,
profile_уголок_равнополочный_45x45x3,pmk_calc.ptype_уголок_равнополочный,Уголок равнополочный,ГОСТ 8509-93,45x45x3,2.08,,,
profile_уголок_равнополочный_45x45x4,pmk_calc.ptype_уголок_равнополочный,Уголок равнополочный,ГОСТ 8509-93,45x45x4,2.73,,,
profile_уголок_равнополочный_45x45x5,pmk_calc.ptype_уголок_равнополочный,Уголок равнополочный,ГОСТ 8509-93,45x45x5,3.37,,,
profile_уголок_равнополочный_45x45x6,pmk_calc.ptype_уголок_равнополочный,Уголок равнополочный,ГОСТ 8509-93,45x45x6,3.99,,,
profile_уголок_равнополочный_50x50x3,pmk_calc.ptype_уголок_равнополочный,Уголок равнополочный,ГОСТ 8509-93,50x50x3,2.32,,,
profile_уголок_равнополочный_50x50x4,pmk_calc.ptype_уголок_равнополочный,Уголок равнополочный,ГОСТ 8509-93,50x50x4,3.05,,,
profile_уголок_равнополочный_50x50x5,pmk_calc.ptype_уголок_равнополочный,Уголок равнополочный,ГОСТ 8509-93,50x50x5,3.77,,,
profile_уголок_равнополочный_50x50x6,pmk_calc.ptype_уголок_равнополочный,Уголок равнополочный,ГОСТ 8509-93,50x50x6,4.47,,,
profile_уголок_равнополочный_50x50x7,pmk_calc.ptype_уголок_равнополочный,Уголок равнополочный,ГОСТ 8509-93,50x50x7,5.15,,,
profile_уголок_равнополочный_50x50x8,pmk_calc.ptype_уголок_равнополочный,Уголок равнополочный,ГОСТ 8509-93,50x50x8,5.82,,,
profile_уголок_равнополочный_56x56x4,pmk_calc.ptype_уголок_равнополочный,Уголок равнополочный,ГОСТ 8509-93,56x56x4,3.44,,,
profile_уголок_равнополочный_56x56x5,pmk_calc.ptype_уголок_равнополочный,Уголок равнополочный,ГОСТ 8509-93,56x56x5,4.25,,,
profile_уголок_равнополочный_60x60x4,pmk_calc.ptype_уголок_равнополочный,Уголок равнополочный,ГОСТ 8509-93,60x60x4,3.71,,,
profile_уголок_равнополочный_60x60x5,pmk_calc.ptype_уголок_равнополочный,Уголок равнополочный,ГОСТ 8509-93,60x60x5,4.58,,,
profile_уголок_равнополочный_60x60x6,pmk_calc.ptype_уголок_равнополочный,Уголок равнополочный,ГОСТ 8509-93,60x60x6,5.43,,,
profile_уголок_равнополочный_60x60x8,pmk_calc.ptype_уголок_равнополочный,Уголок равнополочный,ГОСТ 8509-93,60x60x8,7.1,,,
profile_уголок_равнополочный_63x63x4,pmk_calc.ptype_уголок_равнополочный,Уголок равнополочный,ГОСТ 8509-93,63x63x4,3.9,,,
profile_уголок_равнополочный_63x63x5,pmk_calc.ptype_уголок_равнополочный,Уголок равнополочный,ГОСТ 8509-93,63x63x5,4.81,,,
profile_уголок_равнополочный_63x63x6,pmk_calc.ptype_уголок_равнополочный,Уголок равнополочный,ГОСТ 8509-93,63x63x6,5.72,,,
profile_уголок_равнополочный_70x70x5,pmk_calc.ptype_уголок_равнополочный,Уголок равнополочный,ГОСТ 8509-93,70x70x5,5.38,,,
profile_уголок_равнополочный_70x70x6,pmk_calc.ptype_уголок_равнополочный,Уголок равнополочный,ГОСТ 8509-93,70x70x6,6.39,,,
profile_уголок_равнополочный_70x70x7,pmk_calc.ptype_уголок_равнополочный,Уголок равнополочный,ГОСТ 8509-93,70x70x7,7.39,,,
profile_уголок_равнополочный_70x70x8,pmk_calc.ptype_уголок_равнополочный,Уголок равнополочный,ГОСТ 8509-93,70x70x8,8.37,,,
profile_уголок_равнополочный_75x75x5,pmk_calc.ptype_уголок_равнополочный,Уголок равнополочный,ГОСТ 8509-93,75x75x5,5.8,,,
profile_уголок_равнополочный_75x75x6,pmk_calc.ptype_уголок_равнополочный,Уголок равнополочный,ГОСТ 8509-93,75x75x6,6.89,,,
profile_уголок_равнополочный_75x75x7,pmk_calc.ptype_уголок_равнополочный,Уголок равнополочный,ГОСТ 8509-93,75x75x7,7.96,,,
profile_уголок_равнополочный_75x75x8,pmk_calc.ptype_уголок_равнополочный,Уголок равнополочный,ГОСТ 8509-93,75x75x8,9.02,,,
profile_уголок_равнополочный_75x75x9,pmk_calc.ptype_уголок_равнополочный,Уголок равнополочный,ГОСТ 8509-93,75x75x9,10.07,,,
profile_уголок_равнополочный_80x80x6,pmk_calc.ptype_уголок_равнополочный,Уголок равнополочный,ГОСТ 8509-93,80x80x6,7.36,,,
profile_уголок_равнополочный_80x80x7,pmk_calc.ptype_уголок_равнополочный,Уголок равнополочный,ГОСТ 8509-93,80x80x7,8.51,,,
profile_уголок_равнополочный_80x80x8,pmk_calc.ptype_уголок_равнополочный,Уголок равнополочный,ГОСТ 8509-93,80x80x8,9.65,,,
profile_уголок_равнополочный_80x80x10,pmk_calc.ptype_уголок_равнополочный,Уголок равнополочный,ГОСТ 8509-93,80x80x10,11.88,,,
profile_уголок_равнополочный_90x90x6,pmk_calc.ptype_уголок_равнополочный,Уголок равнополочный,ГОСТ 8509-93,90x90x6,8.33,,,
profile_уголок_равнополочный_90x90x7,pmk_calc.ptype_уголок_равнополочный,Уголок равнополочный,ГОСТ 8509-93,90x90x7,9.64,,,
profile_уголок_равнополочный_90x90x8,pmk_calc.ptype_уголок_равнополочный,Уголок равнополочный,ГОСТ 8509-93,90x90x8,10.93,,,
profile_уголок_равнополочный_90x90x9,pmk_calc.ptype_уголок_равнополочный,Уголок равнополочный,ГОСТ 8509-93,90x90x9,12.2,,,
profile_уголок_равнополочный_90x90x10,pmk_calc.ptype_уголок_равнополочный,Уголок равнополочный,ГОСТ 8509-93,90x90x10,13.48,,,
profile_уголок_равнополочный_90x90x12,pmk_calc.ptype_уголок_равнополочный,Уголок равнополочный,ГОСТ 8509-93,90x90x12,15.96,,,
profile_уголок_равнополочный_100x100x7,pmk_calc.ptype_уголок_равнополочный,Уголок равнополочный,ГОСТ 8509-93,100x100x7,10.79,,,
profile_уголок_равнополочный_100x100x8,pmk_calc.ptype_уголок_равнополочный,Уголок равнополочный,ГОСТ 8509-93,100x100x8,12.25,,,
profile_уголок_равнополочный_100x100x10,pmk_calc.ptype_уголок_равнополочный,Уголок равнополочный,ГОСТ 8509-93,100x100x10,15.1,,,
profile_уголок_равнополочный_100x100x12,pmk_calc.ptype_уголок_равнополочный,Уголок равнополочный,ГОСТ 8509-93,100x100x12,17.9,,,
profile_уголок_равнополочный_100x100x14,pmk_calc.ptype_уголок_равнополочный,Уголок равнополочный,ГОСТ 8509-93,100x100x14,20.63,,,
profile_уголок_равнополочный_100x100x15,pmk_calc.ptype_уголок_равнополочный,Уголок равнополочный,ГОСТ 8509-93,100x100x15,21.97,,,
profile_уголок_равнополочный_100x100x16,pmk_calc.ptype_уголок_равнополочный,Уголок равнополочный,ГОСТ 8509-93,100x100x16,23.3,,,
profile_уголок_равнополочный_110x110x7,pmk_calc.ptype_уголок_равнополочный,Уголок равнополочный,ГОСТ 8509-93,110x110x7,11.89,,,
profile_уголок_равнополочный_110x110x8,pmk_calc.ptype_уголок_равнополочный,Уголок равнополочный,ГОСТ 8509-93,110x110x8,13.5,,,
profile_уголок_равнополочный_120x120x8,pmk_calc.ptype_уголок_равнополочный,Уголок равнополочный,ГОСТ 8509-93,120x120x8,14.76,,,
profile_уголок_равнополочный_120x120x10,pmk_calc.ptype_уголок_равнополочный,Уголок равнополочный,ГОСТ 8509-93,120x120x10,18.24,,,
profile_уголок_равнополочный_120x120x12,pmk_calc.ptype_уголок_равнополочный,Уголок равнополочный,ГОСТ 8509-93,120x120x12,21.67,,,
profile_уголок_равнополочный_120x120x15,pmk_calc.ptype_уголок_равнополочный,Уголок равнополочный,ГОСТ 8509-93,120x120x15,26.68,,,
profile_уголок_равнополочный_125x125x8,pmk_calc.ptype_уголок_равнополочный,Уголок равнополочный,ГОСТ 8509-93,125x125x8,15.46,,,
profile_уголок_равнополочный_125x125x9,pmk_calc.ptype_уголок_равнополочный,Уголок равнополочный,ГОСТ 8509-93,125x125x9,17.3,,,
profile_уголок_равнополочный_125x125x10,pmk_calc.ptype_уголок_равнополочный,Уголок равнополочный,ГОСТ 8509-93,125x125x10,19.1,,,
profile_уголок_равнополочный_125x125x12,pmk_calc.ptype_уголок_равнополочный,Уголок равнополочный,ГОСТ 8509-93,125x125x12,22.68,,,
profile_уголок_равнополочный_125x125x14,pmk_calc.ptype_уголок_равнополочный,Уголок равнополочный,ГОСТ 8509-93,125x125x14,26.2,,,
profile_уголок_равнополочный_125x125x16,pmk_calc.ptype_уголок_равнополочный,Уголок равнополочный,ГОСТ 8509-93,125x125x16,29.65,,,
profile_уголок_равнополочный_140x140x9,pmk_calc.ptype_уголок_равнополочный,Уголок равнополочный,ГОСТ 8509-93,140x140x9,19.41,,,
profile_уголок_равнополочный_140x140x10,pmk_calc.ptype_уголок_равнополочный,Уголок равнополочный,ГОСТ 8509-93,140x140x10,21.45,,,
profile_уголок_равнополочный_140x140x12,pmk_calc.ptype_уголок_равнополочный,Уголок равнополочный,ГОСТ 8509-93,140x140x12,25.5,,,
profile_уголок_равнополочный_150x150x10,pmk_calc.ptype_уголок_равнополочный,Уголок равнополочный,ГОСТ 8509-93,150x150x10,23.02,,,
profile_уголок_равнополочный_150x150x12,pmk_calc.ptype_уголок_равнополочный,Уголок равнополочный,ГОСТ 8509-93,150x150x12,27.39,,,
profile_уголок_равнополочный_150x150x15,pmk_calc.ptype_уголок_равнополочный,Уголок равнополочный,ГОСТ 8509-93,150x150x15,33.82,,,
profile_уголок_равнополочный_150x150x18,pmk_calc.ptype_уголок_равнополочный,Уголок равнополочный,ГОСТ 8509-93,150x150x18,40.11,,,
profile_уголок_равнополочный_160x160x10,pmk_calc.ptype_уголок_равнополочный,Уголок равнополочный,ГОСТ 8509-93,160x160x10,24.67,,,
profile_уголок_равнополочный_160x160x11,pmk_calc.ptype_уголок_равнополочный,Уголок равнополочный,ГОСТ 8509-93,160x160x11,27.02,,,
profile_уголок_равнополочный_160x160x12,pmk_calc.ptype_уголок_равнополочный,Уголок равнополочный,ГОСТ 8509-93,160x160x12,28.35,,,
profile_уголок_равнополочный_160x160x14,pmk_calc.ptype_уголок_равнополочный,Уголок равнополочный,ГОСТ 8509-93,160x160x14,33.97,,,
profile_уголок_равнополочный_160x160x16,pmk_calc.ptype_уголок_равнополочный,Уголок равнополочный,ГОСТ 8509-93,160x160x16,38.52,,,
profile_уголок_равнополочный_160x160x18,pmk_calc.ptype_уголок_равнополочный,Уголок равнополочный,ГОСТ 8509-93,160x160x18,43.01,,,
profile_уголок_равнополочный_160x160x20,pmk_calc.ptype_уголок_равнополочный,Уголок равнополочный,ГОСТ 8509-93,160x160x20,47.44,,,
profile_уголок_равнополочный_180x180x11,pmk_calc.ptype_уголок_равнополочный,Уголок равнополочный,ГОСТ 8509-93,180x180x11,30.47,,,
profile_уголок_равнополочный_180x180x12,pmk_calc.ptype_уголок_равнополочный,Уголок равнополочный,ГОСТ 8509-93,180x180x12,33.12,,,
profile_уголок_равнополочный_180x180x15,pmk_calc.ptype_уголок_равнополочный,Уголок равнополочный,ГОСТ 8509-93,180x180x15,40.96,,,
profile_уголок_равнополочный_180x180x18,pmk_calc.ptype_уголок_равнополочный,Уголок равнополочный,ГОСТ 8509-93,180x180x18,48.66,,,
profile_уголок_равнополочный_180x180x20,pmk_calc.ptype_уголок_равнополочный,Уголок равнополочный,ГОСТ 8509-93,180x180x20,53.72,,,
profile_уголок_равнополочный_200x200x12,pmk_calc.ptype_уголок_равнополочный,Уголок равнополочный,ГОСТ 8509-93,200x200x12,36.97,,,
profile_уголок_равнополочный_200x200x13,pmk_calc.ptype_уголок_равнополочный,Уголок равнополочный,ГОСТ 8509-93,200x200x13,39.92,,,
profile_уголок_равнополочный_200x200x14,pmk_calc.ptype_уголок_равнополочный,Уголок равнополочный,ГОСТ 8509-93,200x200x14,42.8,,,
profile_уголок_равнополочный_200x200x16,pmk_calc.ptype_уголок_равнополочный,Уголок равнополочный,ГОСТ 8509-93,200x200x16,48.65,,,
profile_уголок_равнополочный_200x200x18,pmk_calc.ptype_уголок_равнополочный,Уголок равнополочный,ГОСТ 8509-93,200x200x18,54.4,,,
profile_уголок_равнополочный_200x200x20,pmk_calc.ptype_уголок_равнополочный,Уголок равнополочный,ГОСТ 8509-93,200x200x20,60.08,,,
profile_уголок_равнополочный_200x200x24,pmk_calc.ptype_уголок_равнополочный,Уголок равнополочный,ГОСТ 8509-93,200x200x24,71.26,,,
profile_уголок_равнополочный_200x200x25,pmk_calc.ptype_уголок_равнополочный,Уголок равнополочный,ГОСТ 8509-93,200x200x25,74.02,,,
profile_уголок_равнополочный_200x200x30,pmk_calc.ptype_уголок_равнополочный,Уголок равнополочный,ГОСТ 8509-93,200x200x30,87.56,,,
profile_уголок_равнополочный_250x250x16,pmk_calc.ptype_уголок_равнополочный,Уголок равнополочный,ГОСТ 8509-93,250x250x16,61.55,,,
profile_уголок_равнополочный_250x250x18,pmk_calc.ptype_уголок_равнополочный,Уголок равнополочный,ГОСТ 8509-93,250x250x18,68.86,,,
profile_уголок_равнополочный_250x250x20,pmk_calc.ptype_уголок_равнополочный,Уголок равнополочный,ГОСТ 8509-93,250x250x20,76.11,,,
profile_уголок_равнополочный_250x250x22,pmk_calc.ptype_уголок_равнополочный,Уголок равнополочный,ГОСТ 8509-93,250x250x22,83.31,,,
profile_уголок_равнополочный_250x250x25,pmk_calc.ptype_уголок_равнополочный,Уголок равнополочный,ГОСТ 8509-93,250x250x25,93.97,,,
profile_уголок_равнополочный_250x250x28,pmk_calc.ptype_уголок_равнополочный,Уголок равнополочный,ГОСТ 8509-93,250x250x28,104.5,,,
profile_уголок_равнополочный_250x250x30,pmk_calc.ptype_уголок_равнополочный,Уголок равнополочный,ГОСТ 8509-93,250x250x30,111.44,,,
profile_уголок_равнополочный_250x250x35,pmk_calc.ptype_уголок_равнополочный,Уголок равнополочный,ГОСТ 8509-93,250x250x35,128.51,,,
profile_уголок_неравнополочный_25x16x3,pmk_calc.ptype_уголок_неравнополочный,Уголок неравнополочный,ГОСТ 8510-86,25x16x3,0.91,,,
profile_уголок_неравнополочный_30x20x3,pmk_calc.ptype_уголок_неравнополочный,Уголок неравнополочный,ГОСТ 8510-86,30x20x3,1.12,,,
profile_уголок_неравнополочный_30x20x4,pmk_calc.ptype_уголок_неравнополочный,Уголок неравнополочный,ГОСТ 8510-86,30x20x4,1.46,,,
profile_уголок_неравнополочный_32x20x3,pmk_calc.ptype_уголок_неравнополочный,Уголок неравнополочный,ГОСТ 8510-86,32x20x3,1.17,,,
profile_уголок_неравнополочный_32x20x4,pmk_calc.ptype_уголок_неравнополочный,Уголок неравнополочный,ГОСТ 8510-86,32x20x4,1.52,,,
profile_уголок_неравнополочный_40x25x3,pmk_calc.ptype_уголок_неравнополочный,Уголок неравнополочный,ГОСТ 8510-86,40x25x3,1.48,,,
profile_уголок_неравнополочный_40x25x4,pmk_calc.ptype_уголок_неравнополочный,Уголок неравнополочный,ГОСТ 8510-86,40x25x4,1.94,,,
profile_уголок_неравнополочный_40x25x5,pmk_calc.ptype_уголок_неравнополочный,Уголок неравнополочный,ГОСТ 8510-86,40x25x5,2.38,,,
profile_уголок_неравнополочный_40x30x4,pmk_calc.ptype_уголок_неравнополочный,Уголок неравнополочный,ГОСТ 8510-86,40x30x4,2.09,,,
profile_уголок_неравнополочный_40x30x5,pmk_calc.ptype_уголок_неравнополочный,Уголок неравнополочный,ГОСТ 8510-86,40x30x5,2.57,,,
profile_уголок_неравнополочный_45x28x3,pmk_calc.ptype_уголок_неравнополочный,Уголок неравнополочный,ГОСТ 8510-86,45x28x3,1.68,,,
profile_уголок_неравнополочный_45x28x4,pmk_calc.ptype_уголок_неравнополочный,Уголок неравнополочный,ГОСТ 8510-86,45x28x4,2.2,,,
profile_уголок_неравнополочный_50x32x3,pmk_calc.ptype_уголок_неравнополочный,Уголок неравнополочный,ГОСТ 8510-86,50x32x3,1.9,,,
profile_уголок_неравнополочный_50x32x4,pmk_calc.ptype_уголок_неравнополочный,Уголок неравнополочный,ГОСТ 8510-86,50x32x4,2.49,,,
profile_уголок_неравнополочный_56x36x4,pmk_calc.ptype_уголок_неравнополочный,Уголок неравнополочный,ГОСТ 8510-86,56x36x4,2.81,,,
profile_уголок_неравнополочный_56x36x5,pmk_calc.ptype_уголок_неравнополочный,Уголок неравнополочный,ГОСТ 8510-86,56x36x5,3.46,,,
profile_уголок_неравнополочный_63x40x4,pmk_calc.ptype_уголок_неравнополочный,Уголок неравнополочный,ГОСТ 8510-86,63x40x4,3.17,,,
profile_уголок_неравнополочный_63x40x5,pmk_calc.ptype_уголок_неравнополочный,Уголок неравнополочный,ГОСТ 8510-86,63x40x5,3.91,,,
profile_уголок_неравнополочный_63x40x6,pmk_calc.ptype_уголок_неравнополочный,Уголок неравнополочный,ГОСТ 8510-86,63x40x6,4.63,,,
profile_уголок_неравнополочный_63x40x8,pmk_calc.ptype_уголок_неравнополочный,Уголок неравнополочный,ГОСТ 8510-86,63x40x8,6.03,,,
profile_уголок_неравнополочный_65x50x5,pmk_calc.ptype_уголок_неравнополочный,Уголок неравнополочный,ГОСТ 8510-86,65x50x5,4.36,,,
profile_уголок_неравнополочный_65x50x6,pmk_calc.ptype_уголок_неравнополочный,Уголок неравнополочный,ГОСТ 8510-86,65x50x6,5.18,,,
profile_уголок_неравнополочный_65x50x7,pmk_calc.ptype_уголок_неравнополочный,Уголок неравнополочный,ГОСТ 8510-86,65x50x7,5.98,,,
profile_уголок_неравнополочный_65x50x8,pmk_calc.ptype_уголок_неравнополочный,Уголок неравнополочный,ГОСТ 8510-86,65x50x8,6.77,,,
profile_уголок_неравнополочный_70x45x5,pmk_calc.ptype_уголок_неравнополочный,Уголок неравнополочный,ГОСТ 8510-86,70x45x5,4.39,,,
profile_уголок_неравнополочный_75x50x5,pmk_calc.ptype_уголок_неравнополочный,Уголок неравнополочный,ГОСТ 8510-86,75x50x5,4.79,,,
profile_уголок_неравнополочный_75x50x6,pmk_calc.ptype_уголок_неравнополочный,Уголок неравнополочный,ГОСТ 8510-86,75x50x6,5.69,,,
profile_уголок_неравнополочный_75x50x7,pmk_calc.ptype_уголок_неравнополочный,Уголок неравнополочный,ГОСТ 8510-86,75x50x7,6.57,,,
profile_уголок_неравнополочный_75x50x8,pmk_calc.ptype_уголок_неравнополочный,Уголок неравнополочный,ГОСТ 8510-86,75x50x8,7.43,,,
profile_уголок_неравнополочный_80x50x5,pmk_calc.ptype_уголок_неравнополочный,Уголок неравнополочный,ГОСТ 8510-86,80x50x5,4.99,,,
profile_уголок_неравнополочный_80x50x6,pmk_calc.ptype_уголок_неравнополочный,Уголок неравнополочный,ГОСТ 8510-86,80x50x6,5.92,,,
profile_уголок_неравнополочный_80x60x6,pmk_calc.ptype_уголок_неравнополочный,Уголок неравнополочный,ГОСТ 8510-86,80x60x6,6.39,,,
profile_уголок_неравнополочный_80x60x7,pmk_calc.ptype_уголок_неравнополочный,Уголок неравнополочный,ГОСТ 8510-86,80x60x7,7.39,,,
profile_уголок_неравнополочный_80x60x8,pmk_calc.ptype_уголок_неравнополочный,Уголок неравнополочный,ГОСТ 8510-86,80x60x8,8.37,,,
profile_уголок_неравнополочный_90x56x5_5,pmk_calc.ptype_уголок_неравнополочный,Уголок неравнополочный,ГОСТ 8510-86,90x56x5.5,6.17,,,
profile_уголок_неравнополочный_90x56x6,pmk_calc.ptype_уголок_неравнополочный,Уголок неравнополочный,ГОСТ 8510-86,90x56x6,6.7,,,
profile_уголок_неравнополочный_90x56x8,pmk_calc.ptype_уголок_неравнополочный,Уголок неравнополочный,ГОСТ 8510-86,90x56x8,8.77,,,
profile_уголок_неравнополочный_100x63x6,pmk_calc.ptype_уголок_неравнополочный,Уголок неравнополочный,ГОСТ 8510-86,100x63x6,7.53,,,
profile_уголок_неравнополочный_100x63x7,pmk_calc.ptype_уголок_неравнополочный,Уголок неравнополочный,ГОСТ 8510-86,100x63x7,8.7,,,
profile_уголок_неравнополочный_100x63x8,pmk_calc.ptype_уголок_неравнополочный,Уголок неравнополочный,ГОСТ 8510-86,100x63x8,9.87,,,
profile_уголок_неравнополочный_100x63x10,pmk_calc.ptype_уголок_неравнополочный,Уголок неравнополочный,ГОСТ 8510-86,100x63x10,12.14,,,
profile_уголок_неравнополочный_100x65x7,pmk_calc.ptype_уголок_неравнополочный,Уголок неравнополочный,ГОСТ 8510-86,100x65x7,8.81,,,
profile_уголок_неравнополочный_100x65x8,pmk_calc.ptype_уголок_неравнополочный,Уголок неравнополочный,ГОСТ 8510-86,100x65x8,9.99,,,
profile_уголок_неравнополочный_100x65x10,pmk_calc.ptype_уголок_неравнополочный,Уголок неравнополочный,ГОСТ 8510-86,100x65x10,12.3,,,
profile_уголок_неравнополочный_110x70x6_5,pmk_calc.ptype_уголок_неравнополочный,Уголок неравнополочный,ГОСТ 8510-86,110x70x6.5,8.98,,,
profile_уголок_неравнополочный_110x70x8,pmk_calc.ptype_уголок_неравнополочный,Уголок неравнополочный,ГОСТ 8510-86,110x70x8,10.93,,,
profile_уголок_неравнополочный_125x80x7,pmk_calc.ptype_уголок_неравнополочный,Уголок неравнополочный,ГОСТ 8510-86,125x80x7,11.04,,,
profile_уголок_неравнополочный_125x80x8,pmk_calc.ptype_уголок_неравнополочный,Уголок неравнополочный,ГОСТ 8510-86,125x80x8,12.58,,,
profile_уголок_неравнополочный_125x80x10,pmk_calc.ptype_уголок_неравнополочный,Уголок неравнополочный,ГОСТ 8510-86,125x80x10,15.47,,,
profile_уголок_неравнополочный_125x80x12,pmk_calc.ptype_уголок_неравнополочный,Уголок неравнополочный,ГОСТ 8510-86,125x80x12,18.34,,,
profile_уголок_неравнополочный_140x90x8,pmk_calc.ptype_уголок_неравнополочный,Уголок неравнополочный,ГОСТ 8510-86,140x90x8,14.13,,,
profile_уголок_неравнополочный_140x90x10,pmk_calc.ptype_уголок_неравнополочный,Уголок неравнополочный,ГОСТ 8510-86,140x90x10,17.46,,,
profile_уголок_неравнополочный_160x100x9,pmk_calc.ptype_уголок_неравнополочный,Уголок неравнополочный,ГОСТ 8510-86,160x100x9,17.96,,,
profile_уголок_неравнополочный_160x100x10,pmk_calc.ptype_уголок_неравнополочный,Уголок неравнополочный,ГОСТ 8510-86,160x100x10,19.85,,,
profile_уголок_неравнополочный_160x100x12,pmk_calc.ptype_уголок_неравнополочный,Уголок неравнополочный,ГОСТ 8510-86,160x100x12,23.58,,,
profile_уголок_неравнополочный_160x100x14,pmk_calc.ptype_уголок_неравнополочный,Уголок неравнополочный,ГОСТ 8510-86,160x100x14,27.26,,,
profile_уголок_неравнополочный_180x110x10,pmk_calc.ptype_уголок_неравнополочный,Уголок неравнополочный,ГОСТ 8510-86,180x110x10,22.24,,,
profile_уголок_неравнополочный_180x110x12,pmk_calc.ptype_уголок_неравнополочный,Уголок неравнополочный,ГОСТ 8510-86,180x110x12,26.44,,,
profile_уголок_неравнополочный_200x125x11,pmk_calc.ptype_уголок_неравнополочный,Уголок неравнополочный,ГОСТ 8510-86,200x125x11,27.37,,,
profile_уголок_неравнополочный_200x125x12,pmk_calc.ptype_уголок_неравнополочный,Уголок неравнополочный,ГОСТ 8510-86,200x125x12,29.74,,,
profile_уголок_неравнополочный_200x125x14,pmk_calc.ptype_уголок_неравнополочный,Уголок неравнополочный,ГОСТ 8510-86,200x125x14,34.43,,,
profile_уголок_неравнополочный_200x125x16,pmk_calc.ptype_уголок_неравнополочный,Уголок неравнополочный,ГОСТ 8510-86,200x125x16,39.07,,,
profile_круг_d5,pmk_calc.ptype_круг,Круг,ГОСТ 2590-2006,d5,0.154,,,
profile_круг_d6,pmk_calc.ptype_круг,Круг,ГОСТ 2590-2006,d6,0.222,,,
profile_круг_d7,pmk_calc.ptype_круг,Круг,ГОСТ 2590-2006,d7,0.302,,,
profile_круг_d8,pmk_calc.ptype_круг,Круг,ГОСТ 2590-2006,d8,0.395,,,
profile_круг_d9,pmk_calc.ptype_круг,Круг,ГОСТ 2590-2006,d9,0.499,,,
profile_круг_d10,pmk_calc.ptype_круг,Круг,ГОСТ 2590-2006,d10,0.617,,,
profile_круг_d11,pmk_calc.ptype_круг,Круг,ГОСТ 2590-2006,d11,0.746,,,
profile_круг_d12,pmk_calc.ptype_круг,Круг,ГОСТ 2590-2006,d12,0.888,,,
profile_круг_d13,pmk_calc.ptype_круг,Круг,ГОСТ 2590-2006,d13,1.042,,,
profile_круг_d14,pmk_calc.ptype_круг,Круг,ГОСТ 2590-2006,d14,1.208,,,
profile_круг_d15,pmk_calc.ptype_круг,Круг,ГОСТ 2590-2006,d15,1.387,,,
profile_круг_d16,pmk_calc.ptype_круг,Круг,ГОСТ 2590-2006,d16,1.578,,,
profile_круг_d17,pmk_calc.ptype_круг,Круг,ГОСТ 2590-2006,d17,1.782,,,
profile_круг_d18,pmk_calc.ptype_круг,Круг,ГОСТ 2590-2006,d18,1.998,,,
profile_круг_d19,pmk_calc.ptype_круг,Круг,ГОСТ 2590-2006,d19,2.226,,,
profile_круг_d20,pmk_calc.ptype_круг,Круг,ГОСТ 2590-2006,d20,2.466,,,
profile_круг_d21,pmk_calc.ptype_круг,Круг,ГОСТ 2590-2006,d21,2.719,,,
profile_круг_d22,pmk_calc.ptype_круг,Круг,ГОСТ 2590-2006,d22,2.984,,,
profile_круг_d23,pmk_calc.ptype_круг,Круг,ГОСТ 2590-2006,d23,3.261,,,
profile_круг_d24,pmk_calc.ptype_круг,Круг,ГОСТ 2590-2006,d24,3.551,,,
profile_круг_d25,pmk_calc.ptype_круг,Круг,ГОСТ 2590-2006,d25,3.853,,,
profile_круг_d26,pmk_calc.ptype_круг,Круг,ГОСТ 2590-2006,d26,4.168,,,
profile_круг_d28,pmk_calc.ptype_круг,Круг,ГОСТ 2590-2006,d28,4.834,,,
profile_круг_d30,pmk_calc.ptype_круг,Круг,ГОСТ 2590-2006,d30,5.549,,,
profile_круг_d32,pmk_calc.ptype_круг,Круг,ГОСТ 2590-2006,d32,6.313,,,
profile_круг_d34,pmk_calc.ptype_круг,Круг,ГОСТ 2590-2006,d34,7.127,,,
profile_круг_d36,pmk_calc.ptype_круг,Круг,ГОСТ 2590-2006,d36,7.99,,,
profile_круг_d38,pmk_calc.ptype_круг,Круг,ГОСТ 2590-2006,d38,8.903,,,
profile_круг_d40,pmk_calc.ptype_круг,Круг,ГОСТ 2590-2006,d40,9.865,,,
profile_круг_d42,pmk_calc.ptype_круг,Круг,ГОСТ 2590-2006,d42,10.876,,,
profile_круг_d45,pmk_calc.ptype_круг,Круг,ГОСТ 2590-2006,d45,12.485,,,
profile_круг_d48,pmk_calc.ptype_круг,Круг,ГОСТ 2590-2006,d48,14.205,,,
profile_круг_d50,pmk_calc.ptype_круг,Круг,ГОСТ 2590-2006,d50,15.413,,,
profile_круг_d52,pmk_calc.ptype_круг,Круг,ГОСТ 2590-2006,d52,16.671,,,
profile_круг_d55,pmk_calc.ptype_круг,Круг,ГОСТ 2590-2006,d55,18.65,,,
profile_круг_d58,pmk_calc.ptype_круг,Круг,ГОСТ 2590-2006,d58,20.74,,,
profile_круг_d60,pmk_calc.ptype_круг,Круг,ГОСТ 2590-2006,d60,22.195,,,
profile_круг_d63,pmk_calc.ptype_круг,Круг,ГОСТ 2590-2006,d63,24.47,,,
profile_круг_d65,pmk_calc.ptype_круг,Круг,ГОСТ 2590-2006,d65,26.049,,,
profile_круг_d70,pmk_calc.ptype_круг,Круг,ГОСТ 2590-2006,d70,30.21,,,
profile_круг_d75,pmk_calc.ptype_круг,Круг,ГОСТ 2590-2006,d75,34.68,,,
profile_круг_d80,pmk_calc.ptype_круг,Круг,ГОСТ 2590-2006,d80,39.458,,,
profile_круг_d85,pmk_calc.ptype_круг,Круг,ГОСТ 2590-2006,d85,44.545,,,
profile_круг_d90,pmk_calc.ptype_круг,Круг,ГОСТ 2590-2006,d90,49.94,,,
profile_круг_d95,pmk_calc.ptype_круг,Круг,ГОСТ 2590-2006,d95,55.643,,,
profile_круг_d100,pmk_calc.ptype_круг,Круг,ГОСТ 2590-2006,d100,61.654,,,
profile_круг_d110,pmk_calc.ptype_круг,Круг,ГОСТ 2590-2006,d110,74.601,,,
profile_круг_d120,pmk_calc.ptype_круг,Круг,ГОСТ 2590-2006,d120,88.781,,,
profile_круг_d130,pmk_calc.ptype_круг,Круг,ГОСТ 2590-2006,d130,104.195,,,
profile_круг_d140,pmk_calc.ptype_круг,Круг,ГОСТ 2590-2006,d140,120.841,,,
profile_круг_d150,pmk_calc.ptype_круг,Круг,ГОСТ 2590-2006,d150,138.721,,,
profile_круг_d160,pmk_calc.ptype_круг,Круг,ГОСТ 2590-2006,d160,157.834,,,
profile_круг_d180,pmk_calc.ptype_круг,Круг,ГОСТ 2590-2006,d180,199.758,,,
profile_круг_d200,pmk_calc.ptype_круг,Круг,ГОСТ 2590-2006,d200,246.615,,,
profile_квадрат_6,pmk_calc.ptype_квадрат,Квадрат,ГОСТ 2591-2006,6,0.283,,,
profile_квадрат_8,pmk_calc.ptype_квадрат,Квадрат,ГОСТ 2591-2006,8,0.502,,,
profile_квадрат_10,pmk_calc.ptype_квадрат,Квадрат,ГОСТ 2591-2006,10,0.785,,,
profile_квадрат_12,pmk_calc.ptype_квадрат,Квадрат,ГОСТ 2591-2006,12,1.13,,,
profile_квадрат_14,pmk_calc.ptype_квадрат,Квадрат,ГОСТ 2591-2006,14,1.539,,,
profile_квадрат_16,pmk_calc.ptype_квадрат,Квадрат,ГОСТ 2591-2006,16,2.01,,,
profile_квадрат_18,pmk_calc.ptype_квадрат,Квадрат,ГОСТ 2591-2006,18,2.543,,,
profile_квадрат_20,pmk_calc.ptype_квадрат,Квадрат,ГОСТ 2591-2006,20,3.14,,,
profile_квадрат_22,pmk_calc.ptype_квадрат,Квадрат,ГОСТ 2591-2006,22,3.799,,,
profile_квадрат_25,pmk_calc.ptype_квадрат,Квадрат,ГОСТ 2591-2006,25,4.906,,,
profile_квадрат_28,pmk_calc.ptype_квадрат,Квадрат,ГОСТ 2591-2006,28,6.154,,,
profile_квадрат_30,pmk_calc.ptype_квадрат,Квадрат,ГОСТ 2591-2006,30,7.065,,,
profile_квадрат_32,pmk_calc.ptype_квадрат,Квадрат,ГОСТ 2591-2006,32,8.038,,,
profile_квадрат_36,pmk_calc.ptype_квадрат,Квадрат,ГОСТ 2591-2006,36,10.174,,,
profile_квадрат_40,pmk_calc.ptype_квадрат,Квадрат,ГОСТ 2591-2006,40,12.56,,,
profile_квадрат_45,pmk_calc.ptype_квадрат,Квадрат,ГОСТ 2591-2006,45,15.896,,,
profile_квадрат_50,pmk_calc.ptype_квадрат,Квадрат,ГОСТ 2591-2006,50,19.625,,,
profile_квадрат_55,pmk_calc.ptype_квадрат,Квадрат,ГОСТ 2591-2006,55,23.746,,,
profile_квадрат_60,pmk_calc.ptype_квадрат,Квадрат,ГОСТ 2591-2006,60,28.26,,,
profile_квадрат_65,pmk_calc.ptype_квадрат,Квадрат,ГОСТ 2591-2006,65,33.166,,,
profile_квадрат_70,pmk_calc.ptype_квадрат,Квадрат,ГОСТ 2591-2006,70,38.465,,,
profile_квадрат_80,pmk_calc.ptype_квадрат,Квадрат,ГОСТ 2591-2006,80,50.24,,,
profile_квадрат_90,pmk_calc.ptype_квадрат,Квадрат,ГОСТ 2591-2006,90,63.585,,,
profile_квадрат_100,pmk_calc.ptype_квадрат,Квадрат,ГОСТ 2591-2006,100,78.5,,,
profile_квадрат_120,pmk_calc.ptype_квадрат,Квадрат,ГОСТ 2591-2006,120,113.04,,,
profile_квадрат_140,pmk_calc.ptype_квадрат,Квадрат,ГОСТ 2591-2006,140,153.86,,,
profile_квадрат_150,pmk_calc.ptype_квадрат,Квадрат,ГОСТ 2591-2006,150,176.625,,,
profile_квадрат_160,pmk_calc.ptype_квадрат,Квадрат,ГОСТ 2591-2006,160,200.96,,,
profile_квадрат_180,pmk_calc.ptype_квадрат,Квадрат,ГОСТ 2591-2006,180,254.34,,,
profile_квадрат_200,pmk_calc.ptype_квадрат,Квадрат,ГОСТ 2591-2006,200,314.0,,,
profile_шестигранник_s8,pmk_calc.ptype_шестигранник,Шестигранник,ГОСТ 2879-2006,S8,0.435,,,
profile_шестигранник_s9,pmk_calc.ptype_шестигранник,Шестигранник,ГОСТ 2879-2006,S9,0.551,,,
profile_шестигранник_s10,pmk_calc.ptype_шестигранник,Шестигранник,ГОСТ 2879-2006,S10,0.68,,,
profile_шестигранник_s11,pmk_calc.ptype_шестигранник,Шестигранник,ГОСТ 2879-2006,S11,0.823,,,
profile_шестигранник_s12,pmk_calc.ptype_шестигранник,Шестигранник,ГОСТ 2879-2006,S12,0.979,,,
profile_шестигранник_s13,pmk_calc.ptype_шестигранник,Шестигранник,ГОСТ 2879-2006,S13,1.149,,,
profile_шестигранник_s14,pmk_calc.ptype_шестигранник,Шестигранник,ГОСТ 2879-2006,S14,1.332,,,
profile_шестигранник_s15,pmk_calc.ptype_шестигранник,Шестигранник,ГОСТ 2879-2006,S15,1.53,,,
profile_шестигранник_s16,pmk_calc.ptype_шестигранник,Шестигранник,ГОСТ 2879-2006,S16,1.74,,,
profile_шестигранник_s17,pmk_calc.ptype_шестигранник,Шестигранник,ГОСТ 2879-2006,S17,1.965,,,
profile_шестигранник_s18,pmk_calc.ptype_шестигранник,Шестигранник,ГОСТ 2879-2006,S18,2.203,,,
profile_шестигранник_s19,pmk_calc.ptype_шестигранник,Шестигранник,ГОСТ 2879-2006,S19,2.454,,,
profile_шестигранник_s20,pmk_calc.ptype_шестигранник,Шестигранник,ГОСТ 2879-2006,S20,2.719,,,
profile_шестигранник_s21,pmk_calc.ptype_шестигранник,Шестигранник,ГОСТ 2879-2006,S21,2.998,,,
profile_шестигранник_s22,pmk_calc.ptype_шестигранник,Шестигранник,ГОСТ 2879-2006,S22,3.29,,,
profile_шестигранник_s24,pmk_calc.ptype_шестигранник,Шестигранник,ГОСТ 2879-2006,S24,3.916,,,
profile_шестигранник_s25,pmk_calc.ptype_шестигранник,Шестигранник,ГОСТ 2879-2006,S25,4.249,,,
profile_шестигранник_s27,pmk_calc.ptype_шестигранник,Шестигранник,ГОСТ 2879-2006,S27,4.956,,,
profile_шестигранник_s30,pmk_calc.ptype_шестигранник,Шестигранник,ГОСТ 2879-2006,S30,6.118,,,
profile_шестигранник_s32,pmk_calc.ptype_шестигранник,Шестигранник,ГОСТ 2879-2006,S32,6.961,,,
profile_шестигранник_s34,pmk_calc.ptype_шестигранник,Шестигранник,ГОСТ 2879-2006,S34,7.859,,,
profile_шестигранник_s36,pmk_calc.ptype_шестигранник,Шестигранник,ГОСТ 2879-2006,S36,8.811,,,
profile_шестигранник_s50,pmk_calc.ptype_шестигранник,Шестигранник,ГОСТ 2879-2006,S50,16.996,,,
profile_шестигранник_s55,pmk_calc.ptype_шестигранник,Шестигранник,ГОСТ 2879-2006,S55,20.565,,,
profile_шестигранник_s60,pmk_calc.ptype_шестигранник,Шестигранник,ГОСТ 2879-2006,S60,24.474,,,
profile_шестигранник_s65,pmk_calc.ptype_шестигранник,Шестигранник,ГОСТ 2879-2006,S65,28.723,,,
profile_шестигранник_s70,pmk_calc.ptype_шестигранник,Шестигранник,ГОСТ 2879-2006,S70,33.312,,,
profile_шестигранник_s75,pmk_calc.ptype_шестигранник,Шестигранник,ГОСТ 2879-2006,S75,38.24,,,
profile_шестигранник_s80,pmk_calc.ptype_шестигранник,Шестигранник,ГОСТ 2879-2006,S80,43.509,,,
profile_шестигранник_s90,pmk_calc.ptype_шестигранник,Шестигранник,ГОСТ 2879-2006,S90,55.066,,,
profile_шестигранник_s100,pmk_calc.ptype_шестигранник,Шестигранник,ГОСТ 2879-2006,S100,67.983,,,
profile_труба_круглая_10x1,pmk_calc.ptype_труба_круглая,Труба круглая,ГОСТ 10704-91,10x1,0.222,,,
profile_труба_круглая_10x1_5,pmk_calc.ptype_труба_круглая,Труба круглая,ГОСТ 10704-91,10x1.5,0.314,,,
profile_труба_круглая_14x1_5,pmk_calc.ptype_труба_круглая,Труба круглая,ГОСТ 10704-91,14x1.5,0.462,,,
profile_труба_круглая_18x1_5,pmk_calc.ptype_труба_круглая,Труба круглая,ГОСТ 10704-91,18x1.5,0.61,,,
profile_труба_круглая_18x2,pmk_calc.ptype_труба_круглая,Труба круглая,ГОСТ 10704-91,18x2,0.789,,,
profile_труба_круглая_20x1_5,pmk_calc.ptype_труба_круглая,Труба круглая,ГОСТ 10704-91,20x1.5,0.684,,,
profile_труба_круглая_20x2,pmk_calc.ptype_труба_круглая,Труба круглая,ГОСТ 10704-91,20x2,0.888,,,
profile_труба_круглая_25x1_5,pmk_calc.ptype_труба_круглая,Труба круглая,ГОСТ 10704-91,25x1.5,0.869,,,
profile_труба_круглая_25x2,pmk_calc.ptype_труба_круглая,Труба круглая,ГОСТ 10704-91,25x2,1.134,,,
profile_труба_круглая_25x2_5,pmk_calc.ptype_труба_круглая,Труба круглая,ГОСТ 10704-91,25x2.5,1.387,,,
profile_труба_круглая_32x2,pmk_calc.ptype_труба_круглая,Труба круглая,ГОСТ 10704-91,32x2,1.48,,,
profile_труба_круглая_32x2_5,pmk_calc.ptype_труба_круглая,Труба круглая,ГОСТ 10704-91,32x2.5,1.819,,,
profile_труба_круглая_32x3,pmk_calc.ptype_труба_круглая,Труба круглая,ГОСТ 10704-91,32x3,2.146,,,
profile_труба_круглая_38x2,pmk_calc.ptype_труба_круглая,Труба круглая,ГОСТ 10704-91,38x2,1.776,,,
profile_труба_круглая_38x2_5,pmk_calc.ptype_труба_круглая,Труба круглая,ГОСТ 10704-91,38x2.5,2.189,,,
profile_труба_круглая_38x3,pmk_calc.ptype_труба_круглая,Труба круглая,ГОСТ 10704-91,38x3,2.589,,,
profile_труба_круглая_42x2_5,pmk_calc.ptype_труба_круглая,Труба круглая,ГОСТ 10704-91,42x2.5,2.435,,,
profile_труба_круглая_42x3,pmk_calc.ptype_труба_круглая,Труба круглая,ГОСТ 10704-91,42x3,2.885,,,
profile_труба_круглая_42x3_5,pmk_calc.ptype_труба_круглая,Труба круглая,ГОСТ 10704-91,42x3.5,3.323,,,
profile_труба_круглая_48x3,pmk_calc.ptype_труба_круглая,Труба круглая,ГОСТ 10704-91,48x3,3.329,,,
profile_труба_круглая_48x3_5,pmk_calc.ptype_труба_круглая,Труба круглая,ГОСТ 10704-91,48x3.5,3.841,,,
profile_труба_круглая_57x3,pmk_calc.ptype_труба_круглая,Труба круглая,ГОСТ 10704-91,57x3,3.995,,,
profile_труба_круглая_57x3_5,pmk_calc.ptype_труба_круглая,Труба круглая,ГОСТ 10704-91,57x3.5,4.618,,,
profile_труба_круглая_57x4,pmk_calc.ptype_труба_круглая,Труба круглая,ГОСТ 10704-91,57x4,5.228,,,
profile_труба_круглая_57x5,pmk_calc.ptype_труба_круглая,Труба круглая,ГОСТ 10704-91,57x5,6.412,,,
profile_труба_круглая_76x3,pmk_calc.ptype_труба_круглая,Труба круглая,ГОСТ 10704-91,76x3,5.401,,,
profile_труба_круглая_76x3_5,pmk_calc.ptype_труба_круглая,Труба круглая,ГОСТ 10704-91,76x3.5,6.258,,,
profile_труба_круглая_76x4,pmk_calc.ptype_труба_круглая,Труба круглая,ГОСТ 10704-91,76x4,7.103,,,
profile_труба_круглая_76x5,pmk_calc.ptype_труба_круглая,Труба круглая,ГОСТ 10704-91,76x5,8.755,,,
profile_труба_круглая_89x3,pmk_calc.ptype_труба_круглая,Труба круглая,ГОСТ 10704-91,89x3,6.363,,,
profile_труба_круглая_89x3_5,pmk_calc.ptype_труба_круглая,Труба круглая,ГОСТ 10704-91,89x3.5,7.38,,,
profile_труба_круглая_89x4,pmk_calc.ptype_труба_круглая,Труба круглая,ГОСТ 10704-91,89x4,8.385,,,
profile_труба_круглая_89x5,pmk_calc.ptype_труба_круглая,Труба круглая,ГОСТ 10704-91,89x5,10.358,,,
profile_труба_круглая_108x3_5,pmk_calc.ptype_труба_круглая,Труба круглая,ГОСТ 10704-91,108x3.5,9.02,,,
profile_труба_круглая_108x4,pmk_calc.ptype_труба_круглая,Труба круглая,ГОСТ 10704-91,108x4,10.259,,,
profile_труба_круглая_108x4_5,pmk_calc.ptype_труба_круглая,Труба круглая,ГОСТ 10704-91,108x4.5,11.486,,,
profile_труба_круглая_108x5,pmk_calc.ptype_труба_круглая,Труба круглая,ГОСТ 10704-91,108x5,12.701,,,
profile_труба_круглая_114x4,pmk_calc.ptype_труба_круглая,Труба круглая,ГОСТ 10704-91,114x4,10.851,,,
profile_труба_круглая_114x4_5,pmk_calc.ptype_труба_круглая,Труба круглая,ГОСТ 10704-91,114x4.5,12.152,,,
profile_труба_круглая_114x5,pmk_calc.ptype_труба_круглая,Труба круглая,ГОСТ 10704-91,114x5,13.441,,,
profile_труба_круглая_133x4,pmk_calc.ptype_труба_круглая,Труба круглая,ГОСТ 10704-91,133x4,12.725,,,
profile_труба_круглая_133x4_5,pmk_calc.ptype_труба_круглая,Труба круглая,ГОСТ 10704-91,133x4.5,14.261,,,
profile_труба_круглая_133x5,pmk_calc.ptype_труба_круглая,Труба круглая,ГОСТ 10704-91,133x5,15.783,,,
profile_труба_круглая_159x4_5,pmk_calc.ptype_труба_круглая,Труба круглая,ГОСТ 10704-91,159x4.5,17.146,,,
profile_труба_круглая_159x5,pmk_calc.ptype_труба_круглая,Труба круглая,ГОСТ 10704-91,159x5,18.989,,,
profile_труба_круглая_159x6,pmk_calc.ptype_труба_круглая,Труба круглая,ГОСТ 10704-91,159x6,22.639,,,
profile_труба_круглая_168x5,pmk_calc.ptype_труба_круглая,Труба круглая,ГОСТ 10704-91,168x5,20.099,,,
profile_труба_круглая_168x6,pmk_calc.ptype_труба_круглая,Труба круглая,ГОСТ 10704-91,168x6,23.971,,,
profile_труба_круглая_219x6,pmk_calc.ptype_труба_круглая,Труба круглая,ГОСТ 10704-91,219x6,31.517,,,
profile_труба_круглая_219x7,pmk_calc.ptype_труба_круглая,Труба круглая,ГОСТ 10704-91,219x7,36.598,,,
profile_труба_круглая_219x8,pmk_calc.ptype_труба_круглая,Труба круглая,ГОСТ 10704-91,219x8,41.629,,,
profile_труба_круглая_273x7,pmk_calc.ptype_труба_круглая,Труба круглая,ГОСТ 10704-91,273x7,45.92,,,
profile_труба_круглая_273x8,pmk_calc.ptype_труба_круглая,Труба круглая,ГОСТ 10704-91,273x8,52.282,,,
profile_труба_круглая_273x9,pmk_calc.ptype_труба_круглая,Труба круглая,ГОСТ 10704-91,273x9,58.596,,,
profile_труба_круглая_325x8,pmk_calc.ptype_труба_круглая,Труба круглая,ГОСТ 10704-91,325x8,62.542,,,
profile_труба_круглая_325x9,pmk_calc.ptype_труба_круглая,Труба круглая,ГОСТ 10704-91,325x9,70.137,,,
profile_труба_круглая_325x10,pmk_calc.ptype_труба_круглая,Труба круглая,ГОСТ 10704-91,325x10,77.684,,,
profile_труба_круглая_377x8,pmk_calc.ptype_труба_круглая,Труба круглая,ГОСТ 10704-91,377x8,72.801,,,
profile_труба_круглая_377x9,pmk_calc.ptype_труба_круглая,Труба круглая,ГОСТ 10704-91,377x9,81.679,,,
profile_труба_круглая_426x8,pmk_calc.ptype_труба_круглая,Труба круглая,ГОСТ 10704-91,426x8,82.468,,,
profile_труба_круглая_426x9,pmk_calc.ptype_труба_круглая,Труба круглая,ГОСТ 10704-91,426x9,92.555,,,
profile_труба_круглая_426x10,pmk_calc.ptype_труба_круглая,Труба круглая,ГОСТ 10704-91,426x10,102.592,,,
profile_труба_круглая_530x8,pmk_calc.ptype_труба_круглая,Труба круглая,ГОСТ 10704-91,530x8,102.986,,,
profile_труба_круглая_530x9,pmk_calc.ptype_труба_круглая,Труба круглая,ГОСТ 10704-91,530x9,115.638,,,
profile_труба_круглая_530x10,pmk_calc.ptype_труба_круглая,Труба круглая,ГОСТ 10704-91,530x10,128.24,,,
profile_труба_круглая_25x3_бесш,pmk_calc.ptype_труба_круглая,Труба круглая,ГОСТ 8732-78,25x3 бесш,1.628,,,
profile_труба_круглая_32x3_бесш,pmk_calc.ptype_труба_круглая,Труба круглая,ГОСТ 8732-78,32x3 бесш,2.146,,,
profile_труба_круглая_32x3_5_бесш,pmk_calc.ptype_труба_круглая,Труба круглая,ГОСТ 8732-78,32x3.5 бесш,2.46,,,
profile_труба_круглая_42x3_бесш,pmk_calc.ptype_труба_круглая,Труба круглая,ГОСТ 8732-78,42x3 бесш,2.885,,,
profile_труба_круглая_42x3_5_бесш,pmk_calc.ptype_труба_круглая,Труба круглая,ГОСТ 8732-78,42x3.5 бесш,3.323,,,
profile_труба_круглая_42x4_бесш,pmk_calc.ptype_труба_круглая,Труба круглая,ГОСТ 8732-78,42x4 бесш,3.749,,,
profile_труба_круглая_57x3_5_бесш,pmk_calc.ptype_труба_круглая,Труба круглая,ГОСТ 8732-78,57x3.5 бесш,4.618,,,
profile_труба_круглая_57x4_бесш,pmk_calc.ptype_труба_круглая,Труба круглая,ГОСТ 8732-78,57x4 бесш,5.228,,,
profile_труба_круглая_57x5_бесш,pmk_calc.ptype_труба_круглая,Труба круглая,ГОСТ 8732-78,57x5 бесш,6.412,,,
profile_труба_круглая_76x4_бесш,pmk_calc.ptype_труба_круглая,Труба круглая,ГОСТ 8732-78,76x4 бесш,7.103,,,
profile_труба_круглая_76x5_бесш,pmk_calc.ptype_труба_круглая,Труба круглая,ГОСТ 8732-78,76x5 бесш,8.755,,,
profile_труба_круглая_76x6_бесш,pmk_calc.ptype_труба_круглая,Труба круглая,ГОСТ 8732-78,76x6 бесш,10.358,,,
profile_труба_круглая_89x4_бесш,pmk_calc.ptype_труба_круглая,Труба круглая,ГОСТ 8732-78,89x4 бесш,8.385,,,
profile_труба_круглая_89x5_бесш,pmk_calc.ptype_труба_круглая,Труба круглая,ГОСТ 8732-78,89x5 бесш,10.358,,,
profile_труба_круглая_89x6_бесш,pmk_calc.ptype_труба_круглая,Труба круглая,ГОСТ 8732-78,89x6 бесш,12.281,,,
profile_труба_круглая_108x4_бесш,pmk_calc.ptype_труба_круглая,Труба круглая,ГОСТ 8732-78,108x4 бесш,10.259,,,
profile_труба_круглая_108x5_бесш,pmk_calc.ptype_труба_круглая,Труба круглая,ГОСТ 8732-78,108x5 бесш,12.701,,,
profile_труба_круглая_108x6_бесш,pmk_calc.ptype_труба_круглая,Труба круглая,ГОСТ 8732-78,108x6 бесш,15.093,,,
profile_труба_круглая_133x5_бесш,pmk_calc.ptype_труба_круглая,Труба круглая,ГОСТ 8732-78,133x5 бесш,15.783,,,
profile_труба_круглая_133x6_бесш,pmk_calc.ptype_труба_круглая,Труба круглая,ГОСТ 8732-78,133x6 бесш,18.792,,,
profile_труба_круглая_133x8_бесш,pmk_calc.ptype_труба_круглая,Труба круглая,ГОСТ 8732-78,133x8 бесш,24.662,,,
profile_труба_круглая_159x5_бесш,pmk_calc.ptype_труба_круглая,Труба круглая,ГОСТ 8732-78,159x5 бесш,18.989,,,
profile_труба_круглая_159x6_бесш,pmk_calc.ptype_труба_круглая,Труба круглая,ГОСТ 8732-78,159x6 бесш,22.639,,,
profile_труба_круглая_159x8_бесш,pmk_calc.ptype_труба_круглая,Труба круглая,ГОСТ 8732-78,159x8 бесш,29.791,,,
profile_труба_круглая_219x7_бесш,pmk_calc.ptype_труба_круглая,Труба круглая,ГОСТ 8732-78,219x7 бесш,36.598,,,
profile_труба_круглая_219x8_бесш,pmk_calc.ptype_труба_круглая,Труба круглая,ГОСТ 8732-78,219x8 бесш,41.629,,,
profile_труба_круглая_219x10_бесш,pmk_calc.ptype_труба_круглая,Труба круглая,ГОСТ 8732-78,219x10 бесш,51.543,,,
profile_труба_круглая_273x8_бесш,pmk_calc.ptype_труба_круглая,Труба круглая,ГОСТ 8732-78,273x8 бесш,52.282,,,
profile_труба_круглая_273x9_бесш,pmk_calc.ptype_труба_круглая,Труба круглая,ГОСТ 8732-78,273x9 бесш,58.596,,,
profile_труба_круглая_273x10_бесш,pmk_calc.ptype_труба_круглая,Труба круглая,ГОСТ 8732-78,273x10 бесш,64.86,,,
profile_труба_круглая_325x9_бесш,pmk_calc.ptype_труба_круглая,Труба круглая,ГОСТ 8732-78,325x9 бесш,70.137,,,
profile_труба_круглая_325x10_бесш,pmk_calc.ptype_труба_круглая,Труба круглая,ГОСТ 8732-78,325x10 бесш,77.684,,,
profile_труба_круглая_325x12_бесш,pmk_calc.ptype_труба_круглая,Труба круглая,ГОСТ 8732-78,325x12 бесш,92.629,,,
profile_труба_профильная_квадратная_15x15x1_5,pmk_calc.ptype_труба_профильная_квадратная,Труба профильная квадратная,ГОСТ 8639-82,15x15x1.5,0.605,,,
profile_труба_профильная_квадратная_20x20x1_5,pmk_calc.ptype_труба_профильная_квадратная,Труба профильная квадратная,ГОСТ 8639-82,20x20x1.5,0.841,,,
profile_труба_профильная_квадратная_20x20x2,pmk_calc.ptype_труба_профильная_квадратная,Труба профильная квадратная,ГОСТ 8639-82,20x20x2,1.08,,,
profile_труба_профильная_квадратная_25x25x1_5,pmk_calc.ptype_труба_профильная_квадратная,Труба профильная квадратная,ГОСТ 8639-82,25x25x1.5,1.07,,,
profile_труба_профильная_квадратная_25x25x2,pmk_calc.ptype_труба_профильная_квадратная,Труба профильная квадратная,ГОСТ 8639-82,25x25x2,1.39,,,
profile_труба_профильная_квадратная_25x25x2_5,pmk_calc.ptype_труба_профильная_квадратная,Труба профильная квадратная,ГОСТ 8639-82,25x25x2.5,1.68,,,
profile_труба_профильная_квадратная_25x25x3,pmk_calc.ptype_труба_профильная_квадратная,Труба профильная квадратная,ГОСТ 8639-82,25x25x3,1.95,,,
profile_труба_профильная_квадратная_30x30x2,pmk_calc.ptype_труба_профильная_квадратная,Труба профильная квадратная,ГОСТ 8639-82,30x30x2,1.7,,,
profile_труба_профильная_квадратная_30x30x2_5,pmk_calc.ptype_труба_профильная_квадратная,Труба профильная квадратная,ГОСТ 8639-82,30x30x2.5,2.07,,,
profile_труба_профильная_квадратная_30x30x3,pmk_calc.ptype_труба_профильная_квадратная,Труба профильная квадратная,ГОСТ 8639-82,30x30x3,2.42,,,
profile_труба_профильная_квадратная_40x40x2,pmk_calc.ptype_труба_профильная_квадратная,Труба профильная квадратная,ГОСТ 8639-82,40x40x2,2.33,,,
profile_труба_профильная_квадратная_40x40x2_5,pmk_calc.ptype_труба_профильная_квадратная,Труба профильная квадратная,ГОСТ 8639-82,40x40x2.5,2.85,,,
profile_труба_профильная_квадратная_40x40x3,pmk_calc.ptype_труба_профильная_квадратная,Труба профильная квадратная,ГОСТ 8639-82,40x40x3,3.36,,,
profile_труба_профильная_квадратная_40x40x3_5,pmk_calc.ptype_труба_профильная_квадратная,Труба профильная квадратная,ГОСТ 8639-82,40x40x3.5,3.84,,,
profile_труба_профильная_квадратная_40x40x4,pmk_calc.ptype_труба_профильная_квадратная,Труба профильная квадратная,ГОСТ 8639-82,40x40x4,4.3,,,
profile_труба_профильная_квадратная_50x50x2,pmk_calc.ptype_труба_профильная_квадратная,Труба профильная квадратная,ГОСТ 8639-82,50x50x2,2.96,,,
profile_труба_профильная_квадратная_50x50x3,pmk_calc.ptype_труба_профильная_квадратная,Труба профильная квадратная,ГОСТ 8639-82,50x50x3,4.31,,,
profile_труба_профильная_квадратная_50x50x4,pmk_calc.ptype_труба_профильная_квадратная,Труба профильная квадратная,ГОСТ 8639-82,50x50x4,5.56,,,
profile_труба_профильная_квадратная_50x50x5,pmk_calc.ptype_труба_профильная_квадратная,Труба профильная квадратная,ГОСТ 8639-82,50x50x5,6.73,,,
profile_труба_профильная_квадратная_60x60x2,pmk_calc.ptype_труба_профильная_квадратная,Труба профильная квадратная,ГОСТ 8639-82,60x60x2,3.59,,,
profile_труба_профильная_квадратная_60x60x3,pmk_calc.ptype_труба_профильная_квадратная,Труба профильная квадратная,ГОСТ 8639-82,60x60x3,5.25,,,
profile_труба_профильная_квадратная_60x60x4,pmk_calc.ptype_труба_профильная_квадратная,Труба профильная квадратная,ГОСТ 8639-82,60x60x4,6.82,,,
profile_труба_профильная_квадратная_60x60x5,pmk_calc.ptype_труба_профильная_квадратная,Труба профильная квадратная,ГОСТ 8639-82,60x60x5,8.31,,,
profile_труба_профильная_квадратная_80x80x3,pmk_calc.ptype_труба_профильная_квадратная,Труба профильная квадратная,ГОСТ 8639-82,80x80x3,7.13,,,
profile_труба_профильная_квадратная_80x80x4,pmk_calc.ptype_труба_профильная_квадратная,Труба профильная квадратная,ГОСТ 8639-82,80x80x4,9.33,,,
profile_труба_профильная_квадратная_80x80x5,pmk_calc.ptype_труба_профильная_квадратная,Труба профильная квадратная,ГОСТ 8639-82,80x80x5,11.44,,,
profile_труба_профильная_квадратная_80x80x6,pmk_calc.ptype_труба_профильная_квадратная,Труба профильная квадратная,ГОСТ 8639-82,80x80x6,13.46,,,
profile_труба_профильная_квадратная_100x100x3,pmk_calc.ptype_труба_профильная_квадратная,Труба профильная квадратная,ГОСТ 8639-82,100x100x3,9.02,,,
profile_труба_профильная_квадратная_100x100x4,pmk_calc.ptype_труба_профильная_квадратная,Труба профильная квадратная,ГОСТ 8639-82,100x100x4,11.84,,,
profile_труба_профильная_квадратная_100x100x5,pmk_calc.ptype_труба_профильная_квадратная,Труба профильная квадратная,ГОСТ 8639-82,100x100x5,14.58,,,
profile_труба_профильная_квадратная_100x100x6,pmk_calc.ptype_труба_профильная_квадратная,Труба профильная квадратная,ГОСТ 8639-82,100x100x6,17.22,,,
profile_труба_профильная_квадратная_100x100x8,pmk_calc.ptype_труба_профильная_квадратная,Труба профильная квадратная,ГОСТ 8639-82,100x100x8,22.25,,,
profile_труба_профильная_квадратная_120x120x4,pmk_calc.ptype_труба_профильная_квадратная,Труба профильная квадратная,ГОСТ 8639-82,120x120x4,14.35,,,
profile_труба_профильная_квадратная_120x120x5,pmk_calc.ptype_труба_профильная_квадратная,Труба профильная квадратная,ГОСТ 8639-82,120x120x5,17.72,,,
profile_труба_профильная_квадратная_120x120x6,pmk_calc.ptype_труба_профильная_квадратная,Труба профильная квадратная,ГОСТ 8639-82,120x120x6,20.99,,,
profile_труба_профильная_квадратная_120x120x8,pmk_calc.ptype_труба_профильная_квадратная,Труба профильная квадратная,ГОСТ 8639-82,120x120x8,27.27,,,
profile_труба_профильная_квадратная_140x140x5,pmk_calc.ptype_труба_профильная_квадратная,Труба профильная квадратная,ГОСТ 8639-82,140x140x5,20.86,,,
profile_труба_профильная_квадратная_140x140x6,pmk_calc.ptype_труба_профильная_квадратная,Труба профильная квадратная,ГОСТ 8639-82,140x140x6,24.76,,,
profile_труба_профильная_квадратная_140x140x8,pmk_calc.ptype_труба_профильная_квадратная,Труба профильная квадратная,ГОСТ 8639-82,140x140x8,32.36,,,
profile_труба_профильная_квадратная_150x150x5,pmk_calc.ptype_труба_профильная_квадратная,Труба профильная квадратная,ГОСТ 8639-82,150x150x5,22.43,,,
profile_труба_профильная_квадратная_150x150x6,pmk_calc.ptype_труба_профильная_квадратная,Труба профильная квадратная,ГОСТ 8639-82,150x150x6,26.64,,,
profile_труба_профильная_квадратная_150x150x8,pmk_calc.ptype_труба_профильная_квадратная,Труба профильная квадратная,ГОСТ 8639-82,150x150x8,34.81,,,
profile_труба_профильная_квадратная_160x160x6,pmk_calc.ptype_труба_профильная_квадратная,Труба профильная квадратная,ГОСТ 8639-82,160x160x6,28.53,,,
profile_труба_профильная_квадратная_160x160x8,pmk_calc.ptype_труба_профильная_квадратная,Труба профильная квадратная,ГОСТ 8639-82,160x160x8,37.32,,,
profile_труба_профильная_квадратная_180x180x6,pmk_calc.ptype_труба_профильная_квадратная,Труба профильная квадратная,ГОСТ 8639-82,180x180x6,32.3,,,
profile_труба_профильная_квадратная_180x180x8,pmk_calc.ptype_труба_профильная_квадратная,Труба профильная квадратная,ГОСТ 8639-82,180x180x8,42.34,,,
profile_труба_профильная_квадратная_200x200x6,pmk_calc.ptype_труба_профильная_квадратная,Труба профильная квадратная,ГОСТ 8639-82,200x200x6,36.06,,,
profile_труба_профильная_квадратная_200x200x8,pmk_calc.ptype_труба_профильная_квадратная,Труба профильная квадратная,ГОСТ 8639-82,200x200x8,47.37,,,
profile_труба_профильная_квадратная_200x200x10,pmk_calc.ptype_труба_профильная_квадратная,Труба профильная квадратная,ГОСТ 8639-82,200x200x10,58.31,,,
profile_труба_профильная_прямоугольная_28x25x1_5,pmk_calc.ptype_труба_профильная_прямоугольная,Труба профильная прямоугольная,ГОСТ 8645-68,28x25x1.5,1.15,,,
profile_труба_профильная_прямоугольная_28x25x2,pmk_calc.ptype_труба_профильная_прямоугольная,Труба профильная прямоугольная,ГОСТ 8645-68,28x25x2,1.48,,,
profile_труба_профильная_прямоугольная_40x20x1_5,pmk_calc.ptype_труба_профильная_прямоугольная,Труба профильная прямоугольная,ГОСТ 8645-68,40x20x1.5,1.31,,,
profile_труба_профильная_прямоугольная_40x20x2,pmk_calc.ptype_труба_профильная_прямоугольная,Труба профильная прямоугольная,ГОСТ 8645-68,40x20x2,1.7,,,
profile_труба_профильная_прямоугольная_40x20x2_5,pmk_calc.ptype_труба_профильная_прямоугольная,Труба профильная прямоугольная,ГОСТ 8645-68,40x20x2.5,2.27,,,
profile_труба_профильная_прямоугольная_40x25x2,pmk_calc.ptype_труба_профильная_прямоугольная,Труба профильная прямоугольная,ГОСТ 8645-68,40x25x2,1.86,,,
profile_труба_профильная_прямоугольная_50x25x1_5,pmk_calc.ptype_труба_профильная_прямоугольная,Труба профильная прямоугольная,ГОСТ 8645-68,50x25x1.5,1.67,,,
profile_труба_профильная_прямоугольная_50x25x2,pmk_calc.ptype_труба_профильная_прямоугольная,Труба профильная прямоугольная,ГОСТ 8645-68,50x25x2,2.17,,,
profile_труба_профильная_прямоугольная_50x30x2,pmk_calc.ptype_труба_профильная_прямоугольная,Труба профильная прямоугольная,ГОСТ 8645-68,50x30x2,2.32,,,
profile_труба_профильная_прямоугольная_50x40x2,pmk_calc.ptype_труба_профильная_прямоугольная,Труба профильная прямоугольная,ГОСТ 8645-68,50x40x2,2.65,,,
profile_труба_профильная_прямоугольная_60x30x2,pmk_calc.ptype_труба_профильная_прямоугольная,Труба профильная прямоугольная,ГОСТ 8645-68,60x30x2,2.65,,,
profile_труба_профильная_прямоугольная_60x30x2_5,pmk_calc.ptype_труба_профильная_прямоугольная,Труба профильная прямоугольная,ГОСТ 8645-68,60x30x2.5,3.25,,,
profile_труба_профильная_прямоугольная_60x30x3,pmk_calc.ptype_труба_профильная_прямоугольная,Труба профильная прямоугольная,ГОСТ 8645-68,60x30x3,3.83,,,
profile_труба_профильная_прямоугольная_60x40x2,pmk_calc.ptype_труба_профильная_прямоугольная,Труба профильная прямоугольная,ГОСТ 8645-68,60x40x2,2.96,,,
profile_труба_профильная_прямоугольная_60x40x3,pmk_calc.ptype_труба_профильная_прямоугольная,Труба профильная прямоугольная,ГОСТ 8645-68,60x40x3,4.3,,,
profile_труба_профильная_прямоугольная_60x40x4,pmk_calc.ptype_труба_профильная_прямоугольная,Труба профильная прямоугольная,ГОСТ 8645-68,60x40x4,5.56,,,
profile_труба_профильная_прямоугольная_80x40x2,pmk_calc.ptype_труба_профильная_прямоугольная,Труба профильная прямоугольная,ГОСТ 8645-68,80x40x2,3.59,,,
profile_труба_профильная_прямоугольная_80x40x3,pmk_calc.ptype_труба_профильная_прямоугольная,Труба профильная прямоугольная,ГОСТ 8645-68,80x40x3,5.25,,,
profile_труба_профильная_прямоугольная_80x40x4,pmk_calc.ptype_труба_профильная_прямоугольная,Труба профильная прямоугольная,ГОСТ 8645-68,80x40x4,6.82,,,
profile_труба_профильная_прямоугольная_80x60x3,pmk_calc.ptype_труба_профильная_прямоугольная,Труба профильная прямоугольная,ГОСТ 8645-68,80x60x3,6.19,,,
profile_труба_профильная_прямоугольная_80x60x4,pmk_calc.ptype_труба_профильная_прямоугольная,Труба профильная прямоугольная,ГОСТ 8645-68,80x60x4,8.07,,,
profile_труба_профильная_прямоугольная_100x50x3,pmk_calc.ptype_труба_профильная_прямоугольная,Труба профильная прямоугольная,ГОСТ 8645-68,100x50x3,6.66,,,
profile_труба_профильная_прямоугольная_100x50x4,pmk_calc.ptype_труба_профильная_прямоугольная,Труба профильная прямоугольная,ГОСТ 8645-68,100x50x4,8.7,,,
profile_труба_профильная_прямоугольная_100x50x5,pmk_calc.ptype_труба_профильная_прямоугольная,Труба профильная прямоугольная,ГОСТ 8645-68,100x50x5,10.65,,,
profile_труба_профильная_прямоугольная_100x60x3,pmk_calc.ptype_труба_профильная_прямоугольная,Труба профильная прямоугольная,ГОСТ 8645-68,100x60x3,7.13,,,
profile_труба_профильная_прямоугольная_100x60x4,pmk_calc.ptype_труба_профильная_прямоугольная,Труба профильная прямоугольная,ГОСТ 8645-68,100x60x4,9.33,,,
profile_труба_профильная_прямоугольная_100x60x5,pmk_calc.ptype_труба_профильная_прямоугольная,Труба профильная прямоугольная,ГОСТ 8645-68,100x60x5,11.44,,,
profile_труба_профильная_прямоугольная_120x60x4,pmk_calc.ptype_труба_профильная_прямоугольная,Труба профильная прямоугольная,ГОСТ 8645-68,120x60x4,10.59,,,
profile_труба_профильная_прямоугольная_120x60x5,pmk_calc.ptype_труба_профильная_прямоугольная,Труба профильная прямоугольная,ГОСТ 8645-68,120x60x5,13.0,,,
profile_труба_профильная_прямоугольная_120x80x4,pmk_calc.ptype_труба_профильная_прямоугольная,Труба профильная прямоугольная,ГОСТ 8645-68,120x80x4,11.84,,,
profile_труба_профильная_прямоугольная_120x80x6,pmk_calc.ptype_труба_профильная_прямоугольная,Труба профильная прямоугольная,ГОСТ 8645-68,120x80x6,17.22,,,
profile_труба_профильная_прямоугольная_140x100x4,pmk_calc.ptype_труба_профильная_прямоугольная,Труба профильная прямоугольная,ГОСТ 8645-68,140x100x4,14.35,,,
profile_труба_профильная_прямоугольная_140x100x5,pmk_calc.ptype_труба_профильная_прямоугольная,Труба профильная прямоугольная,ГОСТ 8645-68,140x100x5,17.72,,,
profile_труба_профильная_прямоугольная_140x100x6,pmk_calc.ptype_труба_профильная_прямоугольная,Труба профильная прямоугольная,ГОСТ 8645-68,140x100x6,20.99,,,
profile_труба_профильная_прямоугольная_150x100x5,pmk_calc.ptype_труба_профильная_прямоугольная,Труба профильная прямоугольная,ГОСТ 8645-68,150x100x5,18.5,,,
profile_труба_профильная_прямоугольная_150x100x6,pmk_calc.ptype_труба_профильная_прямоугольная,Труба профильная прямоугольная,ГОСТ 8645-68,150x100x6,21.93,,,
profile_труба_профильная_прямоугольная_180x100x6,pmk_calc.ptype_труба_профильная_прямоугольная,Труба профильная прямоугольная,ГОСТ 8645-68,180x100x6,24.76,,,
profile_труба_профильная_прямоугольная_180x100x8,pmk_calc.ptype_труба_профильная_прямоугольная,Труба профильная прямоугольная,ГОСТ 8645-68,180x100x8,32.29,,,
profile_труба_профильная_прямоугольная_200x120x5,pmk_calc.ptype_труба_профильная_прямоугольная,Труба профильная прямоугольная,ГОСТ 8645-68,200x120x5,24.0,,,
profile_труба_профильная_прямоугольная_200x120x6,pmk_calc.ptype_труба_профильная_прямоугольная,Труба профильная прямоугольная,ГОСТ 8645-68,200x120x6,28.53,,,
profile_vgp_15_2_5,pmk_calc.ptype_труба_вгп,Труба ВГП,ГОСТ 3262-75,Ду15x2.5,1.16,15,21.3,2.5
profile_vgp_15_2_8,pmk_calc.ptype_труба_вгп,Труба ВГП,ГОСТ 3262-75,Ду15x2.8,1.28,15,21.3,2.8
profile_vgp_15_3_2,pmk_calc.ptype_труба_вгп,Труба ВГП,ГОСТ 3262-75,Ду15x3.2,1.43,15,21.3,3.2
profile_vgp_20_2_5,pmk_calc.ptype_труба_вгп,Труба ВГП,ГОСТ 3262-75,Ду20x2.5,1.5,20,26.8,2.5
profile_vgp_20_2_8,pmk_calc.ptype_труба_вгп,Труба ВГП,ГОСТ 3262-75,Ду20x2.8,1.66,20,26.8,2.8
profile_vgp_20_3_2,pmk_calc.ptype_труба_вгп,Труба ВГП,ГОСТ 3262-75,Ду20x3.2,1.86,20,26.8,3.2
profile_vgp_25_2_8,pmk_calc.ptype_труба_вгп,Труба ВГП,ГОСТ 3262-75,Ду25x2.8,2.12,25,33.5,2.8
profile_vgp_25_3_2,pmk_calc.ptype_труба_вгп,Труба ВГП,ГОСТ 3262-75,Ду25x3.2,2.39,25,33.5,3.2
profile_vgp_25_4_0,pmk_calc.ptype_труба_вгп,Труба ВГП,ГОСТ 3262-75,Ду25x4,2.91,25,33.5,4.0
profile_vgp_32_2_8,pmk_calc.ptype_труба_вгп,Труба ВГП,ГОСТ 3262-75,Ду32x2.8,2.73,32,42.3,2.8
profile_vgp_32_3_2,pmk_calc.ptype_труба_вгп,Труба ВГП,ГОСТ 3262-75,Ду32x3.2,3.09,32,42.3,3.2
profile_vgp_32_4_0,pmk_calc.ptype_труба_вгп,Труба ВГП,ГОСТ 3262-75,Ду32x4,3.78,32,42.3,4.0
profile_vgp_40_3_0,pmk_calc.ptype_труба_вгп,Труба ВГП,ГОСТ 3262-75,Ду40x3,3.33,40,48.0,3.0
profile_vgp_40_3_5,pmk_calc.ptype_труба_вгп,Труба ВГП,ГОСТ 3262-75,Ду40x3.5,3.84,40,48.0,3.5
profile_vgp_40_4_0,pmk_calc.ptype_труба_вгп,Труба ВГП,ГОСТ 3262-75,Ду40x4,4.34,40,48.0,4.0
profile_vgp_50_3_0,pmk_calc.ptype_труба_вгп,Труба ВГП,ГОСТ 3262-75,Ду50x3,4.22,50,60.0,3.0
profile_vgp_50_3_5,pmk_calc.ptype_труба_вгп,Труба ВГП,ГОСТ 3262-75,Ду50x3.5,4.88,50,60.0,3.5
profile_vgp_50_4_5,pmk_calc.ptype_труба_вгп,Труба ВГП,ГОСТ 3262-75,Ду50x4.5,6.16,50,60.0,4.5
profile_vgp_65_3_2,pmk_calc.ptype_труба_вгп,Труба ВГП,ГОСТ 3262-75,Ду65x3.2,5.71,65,75.5,3.2
profile_vgp_65_4_0,pmk_calc.ptype_труба_вгп,Труба ВГП,ГОСТ 3262-75,Ду65x4,7.05,65,75.5,4.0
profile_vgp_65_4_5,pmk_calc.ptype_труба_вгп,Труба ВГП,ГОСТ 3262-75,Ду65x4.5,7.88,65,75.5,4.5
profile_vgp_80_3_5,pmk_calc.ptype_труба_вгп,Труба ВГП,ГОСТ 3262-75,Ду80x3.5,7.34,80,88.5,3.5
profile_vgp_80_4_0,pmk_calc.ptype_труба_вгп,Труба ВГП,ГОСТ 3262-75,Ду80x4,8.34,80,88.5,4.0
profile_vgp_80_4_5,pmk_calc.ptype_труба_вгп,Труба ВГП,ГОСТ 3262-75,Ду80x4.5,9.32,80,88.5,4.5
profile_vgp_90_3_5,pmk_calc.ptype_труба_вгп,Труба ВГП,ГОСТ 3262-75,Ду90x3.5,8.44,90,101.3,3.5
profile_vgp_90_4_0,pmk_calc.ptype_труба_вгп,Труба ВГП,ГОСТ 3262-75,Ду90x4,9.6,90,101.3,4.0
profile_vgp_90_4_5,pmk_calc.ptype_труба_вгп,Труба ВГП,ГОСТ 3262-75,Ду90x4.5,10.74,90,101.3,4.5
profile_vgp_100_4_0,pmk_calc.ptype_труба_вгп,Труба ВГП,ГОСТ 3262-75,Ду100x4,10.85,100,114.0,4.0
profile_vgp_100_4_5,pmk_calc.ptype_труба_вгп,Труба ВГП,ГОСТ 3262-75,Ду100x4.5,12.15,100,114.0,4.5
profile_vgp_100_5_0,pmk_calc.ptype_труба_вгп,Труба ВГП,ГОСТ 3262-75,Ду100x5,13.44,100,114.0,5.0
